img1,img2,deepfake,FaceNet_genuine,FaceNet_fake,DeepFace_genuine,DeepFace_fake,Arcface_genuine,Arcface_fake
roztriedene/1/CFP_1.jpg,roztriedene/1/CFP_2.jpg,roztriedene/1/Deep_2.jpg,0.2260380525461838,0.8038428091285046,0.2712775069602662,0.2955322391946442,0.40478904861079223,0.9954810029355488
roztriedene/2/CFP_1.jpg,roztriedene/2/CFP_2.jpg,roztriedene/2/Deep_2.jpg,0.15526851260029373,,0.22717381350428012,,0.18651480533383857,
roztriedene/3/CFP_1.jpg,roztriedene/3/CFP_2.jpg,roztriedene/3/Deep_2.jpg,0.13245906818697362,0.6667006881664699,0.1045318041435852,0.13710544326414054,0.1982017925772941,0.8158253217402139
roztriedene/4/CFP_1.jpg,roztriedene/4/CFP_2.jpg,roztriedene/4/Deep_2.jpg,0.4144981392569361,0.6697271399116815,0.4518132635034692,0.38362465079008756,0.44494480640263334,0.9027358075889387
roztriedene/5/CFP_1.jpg,roztriedene/5/CFP_2.jpg,roztriedene/5/Deep_2.jpg,0.2092583022753315,0.8899393088382586,0.14450588967300215,0.13086353538399287,0.26407127036862155,0.9379886106754374
roztriedene/6/CFP_1.jpg,roztriedene/6/CFP_2.jpg,roztriedene/6/Deep_2.jpg,0.481830047986627,0.8461094715102033,0.31543622542786287,0.3148991013634046,0.6311109967231304,0.8696804306438572
roztriedene/7/CFP_1.jpg,roztriedene/7/CFP_2.jpg,roztriedene/7/Deep_2.jpg,0.13572797419257354,0.9209636330380843,0.13019815699734882,0.27779293608857003,0.3057453113567453,0.9259926895647207
roztriedene/8/CFP_1.jpg,roztriedene/8/CFP_2.jpg,roztriedene/8/Deep_2.jpg,0.08327708211879004,0.5673307486980058,0.07433292367450228,0.10663944755657129,0.2051908167889771,0.6823791589022132
roztriedene/9/CFP_1.jpg,roztriedene/9/CFP_2.jpg,roztriedene/9/Deep_2.jpg,0.3436206909447611,0.6481301584398507,0.23466709079381853,0.25981047781100375,0.3209246205066115,0.7514983634168767
roztriedene/10/CFP_1.jpg,roztriedene/10/CFP_2.jpg,roztriedene/10/Deep_2.jpg,0.34249808417798766,0.47428095811090465,0.18893166614055923,0.2045689468367312,0.45245392198494794,0.8877746733863937
roztriedene/11/CFP_1.jpg,roztriedene/11/CFP_2.jpg,roztriedene/11/Deep_2.jpg,0.18670067220976694,1.0409519279862274,0.11928684607928064,0.23481435895734604,0.3787765694158144,0.9378447492184416
roztriedene/12/CFP_1.jpg,roztriedene/12/CFP_2.jpg,roztriedene/12/Deep_2.jpg,0.3320374981691897,0.8978879180549896,0.13581944814960556,0.2673631167288163,0.45713774816396757,0.9515521966171158
roztriedene/13/CFP_1.jpg,roztriedene/13/CFP_2.jpg,roztriedene/13/Deep_2.jpg,0.25232639693665526,0.7337988072197362,0.13008901428838193,0.1794715762027349,0.23860274736626397,0.6521639983764737
roztriedene/14/CFP_1.jpg,roztriedene/14/CFP_2.jpg,roztriedene/14/Deep_2.jpg,0.43277012575559826,0.9338623192064984,0.3961138204757293,0.4079014994293534,0.20807914478290757,0.9751805398995312
roztriedene/15/CFP_1.jpg,roztriedene/15/CFP_2.jpg,roztriedene/15/Deep_2.jpg,,0.7184541227736976,,0.28838299641652665,,0.7480430839306461
roztriedene/16/CFP_1.jpg,roztriedene/16/CFP_2.jpg,roztriedene/16/Deep_2.jpg,0.377812440559263,0.9532234676617316,0.2533502445459819,0.3259931201781071,0.6562918783880597,0.9607719512415718
roztriedene/17/CFP_1.jpg,roztriedene/17/CFP_2.jpg,roztriedene/17/Deep_2.jpg,0.3162069188822846,1.0405985555891084,0.1832486642053397,0.14179324126902482,0.3377131996805842,1.0912490242890651
roztriedene/18/CFP_1.jpg,roztriedene/18/CFP_2.jpg,roztriedene/18/Deep_2.jpg,0.1902929503888735,0.9947497057874679,0.08206342102499575,0.11217467493338595,0.27357637605429563,0.8946073808850605
roztriedene/19/CFP_1.jpg,roztriedene/19/CFP_2.jpg,roztriedene/19/Deep_2.jpg,0.19109949093018097,0.8071480257971393,0.14311842358697568,0.3080407884873546,0.37633544456296086,0.7760218552373027
roztriedene/20/CFP_1.jpg,roztriedene/20/CFP_2.jpg,roztriedene/20/Deep_2.jpg,0.23626726494642503,0.8133549395766915,0.32470737607045386,0.3188119082186267,0.24925057327081246,0.8055651225985776
roztriedene/21/CFP_1.jpg,roztriedene/21/CFP_2.jpg,roztriedene/21/Deep_2.jpg,0.27929100002539153,1.116147146887192,0.1256537769471321,0.1979215005508731,0.3452879854424947,0.9591652089235894
roztriedene/22/CFP_1.jpg,roztriedene/22/CFP_2.jpg,roztriedene/22/Deep_2.jpg,0.09516997291440044,1.0623392852745015,0.06750827519814195,0.17522274002916505,0.15540538753402866,1.0127333942049634
roztriedene/23/CFP_1.jpg,roztriedene/23/CFP_2.jpg,roztriedene/23/Deep_2.jpg,0.2257978840175472,0.8344098551152197,0.1517349264384651,0.24501028513074607,0.3253044699387174,0.7899880013477198
roztriedene/24/CFP_1.jpg,roztriedene/24/CFP_2.jpg,roztriedene/24/Deep_2.jpg,0.03608803552468465,0.8653644473315408,0.12037199940027354,0.2503118332037795,0.10789979992238441,0.8588520639111257
roztriedene/25/CFP_1.jpg,roztriedene/25/CFP_2.jpg,roztriedene/25/Deep_2.jpg,0.22529176925272,,0.23165534013148015,,0.24671830388269855,
roztriedene/26/CFP_1.jpg,roztriedene/26/CFP_2.jpg,roztriedene/26/Deep_2.jpg,0.15772162250519994,0.7829481598642287,0.11626502489200585,0.19753600069801958,0.3002477837461367,0.7821003140213392
roztriedene/27/CFP_1.jpg,roztriedene/27/CFP_2.jpg,roztriedene/27/Deep_2.jpg,0.2157879588255459,1.1845959026614832,0.18547883517762864,0.2473566860200872,0.37302600071409087,0.9625475071551899
roztriedene/28/CFP_1.jpg,roztriedene/28/CFP_2.jpg,roztriedene/28/Deep_2.jpg,0.19800971253447097,0.8041678516765723,0.22402563436282785,0.36422366147681295,0.24187756927085613,0.9629492329565827
roztriedene/29/CFP_1.jpg,roztriedene/29/CFP_2.jpg,roztriedene/29/Deep_2.jpg,0.2448359243358279,0.9185210954282776,0.2444558861619902,0.2730746835785425,0.5118153433895691,0.964667121568654
roztriedene/30/CFP_1.jpg,roztriedene/30/CFP_2.jpg,roztriedene/30/Deep_2.jpg,0.2323745232760399,0.8158380492748886,0.11456823223099666,0.21513680700818372,0.4408185539346329,1.0179938612029702
roztriedene/31/CFP_1.jpg,roztriedene/31/CFP_2.jpg,roztriedene/31/Deep_2.jpg,0.1864372788963713,0.5251311001979364,0.16675407885724547,0.1870148366450619,0.2748901983728773,0.7175989998231328
roztriedene/32/CFP_1.jpg,roztriedene/32/CFP_2.jpg,roztriedene/32/Deep_2.jpg,0.26924831121573223,0.6254910685741353,0.20017135376796624,0.2997098536763396,0.34260156973384837,0.8491868619661087
roztriedene/33/CFP_1.jpg,roztriedene/33/CFP_2.jpg,roztriedene/33/Deep_2.jpg,0.3599002124556423,1.1605346471720137,0.2136357266610388,0.25601962410395573,0.3790530126363362,1.0230880404504863
roztriedene/34/CFP_1.jpg,roztriedene/34/CFP_2.jpg,roztriedene/34/Deep_2.jpg,0.22832853063996528,0.9822434951413567,0.18797145034122043,0.26134725737317055,0.4092939072789805,0.9460847561170449
roztriedene/35/CFP_1.jpg,roztriedene/35/CFP_2.jpg,roztriedene/35/Deep_2.jpg,0.17106432672467553,0.6976791534236941,0.2574076702563889,0.3496878511785436,0.40204994805136685,0.8499718676745887
roztriedene/36/CFP_1.jpg,roztriedene/36/CFP_2.jpg,roztriedene/36/Deep_2.jpg,0.22637763290709423,0.8570219893788816,0.19494110240558393,0.23250133429556186,0.41160446342599544,0.9743631781213347
roztriedene/37/CFP_1.jpg,roztriedene/37/CFP_2.jpg,roztriedene/37/Deep_2.jpg,0.1360377053800399,0.7302153550838113,0.16016680917558623,0.21680679603417163,0.1991732481680345,0.8146214108732164
roztriedene/38/CFP_1.jpg,roztriedene/38/CFP_2.jpg,roztriedene/38/Deep_2.jpg,0.23005726710310082,0.7607079306156478,0.24259311477750023,0.21469848736703556,0.3527683154617012,0.8857600336040857
roztriedene/39/CFP_1.jpg,roztriedene/39/CFP_2.jpg,roztriedene/39/Deep_2.jpg,0.15272608263074328,0.7452036909912724,0.1272155490391127,0.1588573676118451,0.3405865989688268,0.922761866569329
roztriedene/40/CFP_1.jpg,roztriedene/40/CFP_2.jpg,roztriedene/40/Deep_2.jpg,0.2532373114827514,1.0931891818591244,0.15147437639116967,0.13574315440569362,0.27216173361350693,0.9795631238987452
roztriedene/41/CFP_1.jpg,roztriedene/41/CFP_2.jpg,roztriedene/41/Deep_2.jpg,0.2300469645627603,0.6851885254945937,0.26835347380765673,0.2605192432543241,0.4614174137978767,0.8592253389037684
roztriedene/42/CFP_1.jpg,roztriedene/42/CFP_2.jpg,roztriedene/42/Deep_2.jpg,0.25075071716840547,0.7733360929927495,0.18770571856204532,0.2385413735088293,0.408335915724338,0.9986157560907616
roztriedene/43/CFP_1.jpg,roztriedene/43/CFP_2.jpg,roztriedene/43/Deep_2.jpg,0.05263189662603707,0.7554702170935118,0.06690719529997236,0.3641458495122577,0.06632008971368208,0.8233882939508496
roztriedene/44/CFP_1.jpg,roztriedene/44/CFP_2.jpg,roztriedene/44/Deep_2.jpg,0.20263457545368746,0.9703159614124487,0.08425324502544884,0.11976430737381161,0.398029282436167,1.0813349857892671
roztriedene/45/CFP_1.jpg,roztriedene/45/CFP_2.jpg,roztriedene/45/Deep_2.jpg,0.12907635745600954,0.8362145759796246,0.10274888921381198,0.19096100950539907,0.261844322290227,0.9165227152805793
roztriedene/46/CFP_1.jpg,roztriedene/46/CFP_2.jpg,roztriedene/46/Deep_2.jpg,0.3515798914846504,0.967758876505494,0.12871181241466445,0.21632488935706862,0.39056760161064785,0.9992892959954798
roztriedene/47/CFP_1.jpg,roztriedene/47/CFP_2.jpg,roztriedene/47/Deep_2.jpg,0.37679508482535184,0.899409865494931,0.07048027653748135,0.1305723309024307,0.49010566162804936,0.8388460047736742
roztriedene/48/CFP_1.jpg,roztriedene/48/CFP_2.jpg,roztriedene/48/Deep_2.jpg,0.047932207862671716,0.7736432592898186,0.08020865319328863,0.24936554706067027,0.0666032141241133,0.9198598802770475
roztriedene/49/CFP_1.jpg,roztriedene/49/CFP_2.jpg,roztriedene/49/Deep_2.jpg,0.06904219319961102,0.7056946888248403,0.08520567628945697,0.24783699490281452,0.06274645448679816,0.7641862143879634
roztriedene/50/CFP_1.jpg,roztriedene/50/CFP_2.jpg,roztriedene/50/Deep_2.jpg,0.31454811732761256,1.1245841736313,0.18998699079366976,0.2032292443808873,0.468583413007703,0.886671372789013
roztriedene/51/CFP_1.jpg,roztriedene/51/CFP_2.jpg,roztriedene/51/Deep_2.jpg,0.17851427941499876,1.2278505530110086,0.1630089635775861,0.19968340849557376,0.07759021869082583,0.8686941937242589
roztriedene/52/CFP_1.jpg,roztriedene/52/CFP_2.jpg,roztriedene/52/Deep_2.jpg,0.2740836405050976,0.6135338467820657,0.2054778135875197,0.1770284851066216,0.3927876374469327,0.9111647976836776
roztriedene/53/CFP_1.jpg,roztriedene/53/CFP_2.jpg,roztriedene/53/Deep_2.jpg,0.21342129381396047,0.9300240944108993,0.0852284088436508,0.1846411133702629,0.19558082590477577,0.8396160364835887
roztriedene/54/CFP_1.jpg,roztriedene/54/CFP_2.jpg,roztriedene/54/Deep_2.jpg,0.1612307987863003,0.9110155565957112,0.28018412918739244,0.4009217369691027,0.2221886537133707,0.8637663642840323
roztriedene/55/CFP_1.jpg,roztriedene/55/CFP_2.jpg,roztriedene/55/Deep_2.jpg,0.3331582945724392,1.1131782290556658,0.18428738748755513,0.29835829888216814,0.29785022589268784,0.8695272769253937
roztriedene/56/CFP_1.jpg,roztriedene/56/CFP_2.jpg,roztriedene/56/Deep_2.jpg,0.29839203883793386,1.2254471938612435,0.13145510624231715,0.20148891592591056,0.38348814709779666,0.9770623555466841
roztriedene/57/CFP_1.jpg,roztriedene/57/CFP_2.jpg,roztriedene/57/Deep_2.jpg,0.11782455549420345,1.0028416189899905,0.21726054846447362,0.22937111935214283,0.17432952706788807,0.9090529880444134
roztriedene/58/CFP_1.jpg,roztriedene/58/CFP_2.jpg,roztriedene/58/Deep_2.jpg,0.16226331221545554,1.1013435376564322,0.12224649779476116,0.14786799570442655,0.16787740024359976,0.9043671353762621
roztriedene/59/CFP_1.jpg,roztriedene/59/CFP_2.jpg,roztriedene/59/Deep_2.jpg,0.10392513409586923,1.1716520583093357,0.1070652824490319,0.13877641092680604,0.21162523460817118,1.0038545192652537
roztriedene/60/CFP_1.jpg,roztriedene/60/CFP_2.jpg,roztriedene/60/Deep_2.jpg,0.2607765466369848,0.875738939889684,0.21477049633169465,0.32118374002739414,0.3694029584067142,0.9206075446216133
roztriedene/61/CFP_1.jpg,roztriedene/61/CFP_2.jpg,roztriedene/61/Deep_2.jpg,0.28664016982259544,0.5383131582578076,0.26174875094880046,0.3153076253914705,0.3942953060273894,0.6561790362186524
roztriedene/62/CFP_1.jpg,roztriedene/62/CFP_2.jpg,roztriedene/62/Deep_2.jpg,0.3188417147803415,0.6066384455637192,0.13415174009494524,0.13710753225625916,0.24857715202235242,0.6795259689667306
roztriedene/63/CFP_1.jpg,roztriedene/63/CFP_2.jpg,roztriedene/63/Deep_2.jpg,0.25975262107029806,0.7306028383470704,0.13444120101366963,0.18901638411777866,0.3277591437312316,0.8935252318760442
roztriedene/64/CFP_1.jpg,roztriedene/64/CFP_2.jpg,roztriedene/64/Deep_2.jpg,0.10819428890797134,0.6931078552260184,0.10308874442949978,0.1607207767624781,0.19599350374787872,0.7522931920367022
roztriedene/65/CFP_1.jpg,roztriedene/65/CFP_2.jpg,roztriedene/65/Deep_2.jpg,0.30273366589869344,0.8053482935759725,0.16775413208047807,0.20234008711860307,0.3477004903018299,0.8857471850852869
roztriedene/66/CFP_1.jpg,roztriedene/66/CFP_2.jpg,roztriedene/66/Deep_2.jpg,0.247813793106463,0.5163742762697153,0.24913041579574313,0.26514802870897003,0.3549641634229579,0.5566580937270309
roztriedene/67/CFP_1.jpg,roztriedene/67/CFP_2.jpg,roztriedene/67/Deep_2.jpg,0.2489276271749261,0.7828938963613281,0.2195475619435212,0.2225900862445992,0.4583536016257197,0.8212688591957282
roztriedene/68/CFP_1.jpg,roztriedene/68/CFP_2.jpg,roztriedene/68/Deep_2.jpg,0.43902081445353314,0.9578052128915343,0.2927368905604383,0.31493215009593667,0.5007593012336291,0.9828577526008233
roztriedene/69/CFP_1.jpg,roztriedene/69/CFP_2.jpg,roztriedene/69/Deep_2.jpg,0.45408457374973465,0.7842453405380195,0.30286172295876457,0.29191922222734945,0.5094019223035019,0.8722355152325145
roztriedene/70/CFP_1.jpg,roztriedene/70/CFP_2.jpg,roztriedene/70/Deep_2.jpg,0.2798195571012263,0.6013929887398513,0.12884726581368533,0.19131324044559073,0.15853692858742585,0.7965163758826435
roztriedene/71/CFP_1.jpg,roztriedene/71/CFP_2.jpg,roztriedene/71/Deep_2.jpg,0.3445027171674432,0.9831024574174139,0.3085695944360971,0.2614167786926782,0.46762837350805453,0.8453656164357417
roztriedene/72/CFP_1.jpg,roztriedene/72/CFP_2.jpg,roztriedene/72/Deep_2.jpg,0.10405660051740173,1.0494440979878745,0.1411654817496356,0.2208633726427659,0.3949481433491149,1.0341174118134915
roztriedene/73/CFP_1.jpg,roztriedene/73/CFP_2.jpg,roztriedene/73/Deep_2.jpg,0.155213009546883,0.5473468787851496,0.23962185626130084,0.3971362979297264,0.3792795263507547,0.6358253663367013
roztriedene/74/CFP_1.jpg,roztriedene/74/CFP_2.jpg,roztriedene/74/Deep_2.jpg,0.2917819315377841,0.9237794251758463,0.17564646981342202,0.260728029052273,0.25569813914224826,0.9709956950927949
roztriedene/75/CFP_1.jpg,roztriedene/75/CFP_2.jpg,roztriedene/75/Deep_2.jpg,0.30751902212337856,0.9734499134274537,0.2293489388760983,0.3017736613850617,0.4947565936161158,0.9262024501862078
roztriedene/76/CFP_1.jpg,roztriedene/76/CFP_2.jpg,roztriedene/76/Deep_2.jpg,,0.8550095840702246,,0.29327357099343687,,0.8531880605251204
roztriedene/77/CFP_1.jpg,roztriedene/77/CFP_2.jpg,roztriedene/77/Deep_2.jpg,0.45291897778158474,0.8021139324187687,0.18128063384059934,0.21110327620363134,0.4999123424199221,0.8989180572678336
roztriedene/78/CFP_1.jpg,roztriedene/78/CFP_2.jpg,roztriedene/78/Deep_2.jpg,0.1639735350331234,0.973858566583591,0.15737378085439369,0.22460002903971277,0.13582140874433746,0.9974666537133371
roztriedene/79/CFP_1.jpg,roztriedene/79/CFP_2.jpg,roztriedene/79/Deep_2.jpg,0.16938627294387254,0.7775516819070819,0.0802383850634476,0.09801369218709355,0.33091135953527273,0.6387803927299451
roztriedene/80/CFP_1.jpg,roztriedene/80/CFP_2.jpg,roztriedene/80/Deep_2.jpg,0.3475838096308539,0.9052155476417251,0.2949896192734439,0.3151600218470999,0.3902145902860854,0.9508934196311216
roztriedene/81/CFP_1.jpg,roztriedene/81/CFP_2.jpg,roztriedene/81/Deep_2.jpg,0.2629581320878207,0.8869603704608229,0.17263070227972854,0.17085392297008783,0.2556137646854826,0.9659659898373842
roztriedene/82/CFP_1.jpg,roztriedene/82/CFP_2.jpg,roztriedene/82/Deep_2.jpg,1.1984276053066896,0.7688892998980366,0.37246925458068025,0.385772737982397,0.9846113342034067,0.9868487085019777
roztriedene/83/CFP_1.jpg,roztriedene/83/CFP_2.jpg,roztriedene/83/Deep_2.jpg,0.08500899170393061,0.7954247095366352,0.20650086105659038,0.34127503508439216,0.23214955919590197,0.9343664735106827
roztriedene/84/CFP_1.jpg,roztriedene/84/CFP_2.jpg,roztriedene/84/Deep_2.jpg,0.18493368248028796,0.9154191340645075,0.1894737767191037,0.21859823832216552,0.33240731456734784,0.9180370618990408
roztriedene/85/CFP_1.jpg,roztriedene/85/CFP_2.jpg,roztriedene/85/Deep_2.jpg,0.21695293228289725,0.9568136928332903,0.1371403576760245,0.2270415032206894,0.21704757227376537,0.8071870510566551
roztriedene/86/CFP_1.jpg,roztriedene/86/CFP_2.jpg,roztriedene/86/Deep_2.jpg,0.18918379750052305,0.7298324738414019,0.15031920007656785,0.28111473594592395,0.2875829187410932,0.6451088273149681
roztriedene/87/CFP_1.jpg,roztriedene/87/CFP_2.jpg,roztriedene/87/Deep_2.jpg,0.19529923976408325,1.0326973190863424,0.15525389012458524,0.22227630552444533,0.3551712190610544,0.8883207354432293
roztriedene/88/CFP_1.jpg,roztriedene/88/CFP_2.jpg,roztriedene/88/Deep_2.jpg,0.18503396872859235,0.9778892947629814,0.2107021550111815,0.29299591611211195,0.19513582979430089,0.7743796659711129
roztriedene/89/CFP_1.jpg,roztriedene/89/CFP_2.jpg,roztriedene/89/Deep_2.jpg,0.38002807079396883,0.922734966239459,0.19244093372645277,0.17797004686517803,0.5146802767079848,0.9820806733765849
roztriedene/90/CFP_1.jpg,roztriedene/90/CFP_2.jpg,roztriedene/90/Deep_2.jpg,0.32831730879382615,0.9479975302468966,0.2478984800342232,0.30509347538507603,0.2808773120080855,0.931466801670864
roztriedene/91/CFP_1.jpg,roztriedene/91/CFP_2.jpg,roztriedene/91/Deep_2.jpg,0.09214811902489206,0.8703586939954016,0.06099495335967464,0.11789330034240753,0.23240444608075927,0.7685876567692937
roztriedene/92/CFP_1.jpg,roztriedene/92/CFP_2.jpg,roztriedene/92/Deep_2.jpg,0.3213574428438598,0.860104209245548,0.217856018397374,0.1754889637690482,0.35097900139942817,0.7670874544362112
roztriedene/93/CFP_1.jpg,roztriedene/93/CFP_2.jpg,roztriedene/93/Deep_2.jpg,0.12033547811524425,1.1042169713680663,0.10489447835087207,0.14343356682500674,0.2092198795540159,0.9031880729875397
roztriedene/94/CFP_1.jpg,roztriedene/94/CFP_2.jpg,roztriedene/94/Deep_2.jpg,0.2615131320176951,1.0203899739506925,0.30898927869472437,0.30531452814352034,0.540220449940116,0.7991287146754465
roztriedene/95/CFP_1.jpg,roztriedene/95/CFP_2.jpg,roztriedene/95/Deep_2.jpg,0.24952552206600653,0.7477689734068136,0.18400437222055988,0.22866160920565526,0.3117712514510984,0.9011752186142924
roztriedene/96/CFP_1.jpg,roztriedene/96/CFP_2.jpg,roztriedene/96/Deep_2.jpg,0.3057340345031152,1.0249638087491428,0.14337841460131995,0.2101311156692378,0.5214000010967001,0.9931211204615269
roztriedene/97/CFP_1.jpg,roztriedene/97/CFP_2.jpg,roztriedene/97/Deep_2.jpg,0.25728208793840646,1.0635842306420444,0.246921773129258,0.2693746676440135,0.42252366257701723,1.0028430247211972
roztriedene/98/CFP_1.jpg,roztriedene/98/CFP_2.jpg,roztriedene/98/Deep_2.jpg,0.22373980714708763,0.779452937002346,0.22506638943477808,0.24815228144727597,0.3491674608840023,0.8312430482767759
roztriedene/99/CFP_1.jpg,roztriedene/99/CFP_2.jpg,roztriedene/99/Deep_2.jpg,,,,,,
roztriedene/100/CFP_1.jpg,roztriedene/100/CFP_2.jpg,roztriedene/100/Deep_2.jpg,0.4576430503019563,0.8763492420256884,0.2500479540889001,0.2267928620346732,0.3883445831106249,0.8245627996923357
roztriedene/101/CFP_1.jpg,roztriedene/101/CFP_2.jpg,roztriedene/101/Deep_2.jpg,0.2966959607036004,0.8496668527502231,0.42050569574521957,0.4343249823291574,0.5677886915030821,0.9990265284155929
roztriedene/102/CFP_1.jpg,roztriedene/102/CFP_2.jpg,roztriedene/102/Deep_2.jpg,0.1251239504116256,1.105550889002738,0.13699237383385054,0.24670014116006944,0.04994297692444727,1.003748667990785
roztriedene/103/CFP_1.jpg,roztriedene/103/CFP_2.jpg,roztriedene/103/Deep_2.jpg,0.17785811687841635,0.8129902934980151,0.10842208728083702,0.19045154960409383,0.3820849976959294,1.0340535700835825
roztriedene/104/CFP_1.jpg,roztriedene/104/CFP_2.jpg,roztriedene/104/Deep_2.jpg,0.06540704202800529,0.7278625831274441,0.15853920803681865,0.18503679450347976,0.18230531624290092,0.9599637278937686
roztriedene/105/CFP_1.jpg,roztriedene/105/CFP_2.jpg,roztriedene/105/Deep_2.jpg,0.285812584920783,0.6046645942799227,0.3125837579566987,0.34836360277999934,0.24983430718166655,0.8096011209541152
roztriedene/106/CFP_1.jpg,roztriedene/106/CFP_2.jpg,roztriedene/106/Deep_2.jpg,0.9740474602114749,0.9074458659528573,0.511189268444115,0.26573690514999426,0.9763616935002268,1.107337753266826
roztriedene/107/CFP_1.jpg,roztriedene/107/CFP_2.jpg,roztriedene/107/Deep_2.jpg,0.31110552419843496,0.6414332964553473,0.08116079579775404,0.08744079429490981,0.3133386505017913,0.6835850585588736
roztriedene/108/CFP_1.jpg,roztriedene/108/CFP_2.jpg,roztriedene/108/Deep_2.jpg,0.14988615462226618,0.6264002323747226,0.052888397409667554,0.08268069573066239,0.3187965130110638,0.8160226415303281
roztriedene/109/CFP_1.jpg,roztriedene/109/CFP_2.jpg,roztriedene/109/Deep_2.jpg,0.17171548792535674,0.7431378290042787,0.1468707262859167,0.17936260628212763,0.3058517551344191,0.8683593932338363
roztriedene/110/CFP_1.jpg,roztriedene/110/CFP_2.jpg,roztriedene/110/Deep_2.jpg,0.3790670912739177,0.7329246890603422,0.17926414488116593,0.20542694362958558,0.4858518561272863,0.9498162867154907
roztriedene/111/CFP_1.jpg,roztriedene/111/CFP_2.jpg,roztriedene/111/Deep_2.jpg,0.38063857110533506,1.0488684879956776,0.17011307549259913,0.22911589617689176,0.5359748789315513,1.0055213541451116
roztriedene/112/CFP_1.jpg,roztriedene/112/CFP_2.jpg,roztriedene/112/Deep_2.jpg,0.19419955793453558,0.6691852779698109,0.11052648509608409,0.14152573692858605,0.3904937617206541,0.9061544446607798
roztriedene/113/CFP_1.jpg,roztriedene/113/CFP_2.jpg,roztriedene/113/Deep_2.jpg,0.3328048738636471,0.825748423354784,0.12252520781409093,0.17670588936470233,0.49070330508287274,0.8133798352922983
roztriedene/114/CFP_1.jpg,roztriedene/114/CFP_2.jpg,roztriedene/114/Deep_2.jpg,0.20849482635755612,0.4435712352534723,0.17560993588009854,0.18102936259690527,0.33596650756611335,0.6755923045174334
roztriedene/115/CFP_1.jpg,roztriedene/115/CFP_2.jpg,roztriedene/115/Deep_2.jpg,0.3804247815296118,1.0203957994543604,0.2748837180625846,0.3387194769709544,0.4307040569233721,0.9770038263231018
roztriedene/116/CFP_1.jpg,roztriedene/116/CFP_2.jpg,roztriedene/116/Deep_2.jpg,0.19573050981021511,0.39689994259465255,0.1346352970646536,0.15370011852629573,0.28746325207914414,0.6950561690182824
roztriedene/117/CFP_1.jpg,roztriedene/117/CFP_2.jpg,roztriedene/117/Deep_2.jpg,0.09155540638796167,0.5148796043024467,0.1855936840503014,0.1999055528202076,0.24128808243191202,0.7842493423065794
roztriedene/118/CFP_1.jpg,roztriedene/118/CFP_2.jpg,roztriedene/118/Deep_2.jpg,0.15248586182856927,0.6422735298437013,0.2833700187296694,0.3395805146919849,0.3972068384894517,0.6764810814926517
roztriedene/119/CFP_1.jpg,roztriedene/119/CFP_2.jpg,roztriedene/119/Deep_2.jpg,0.15723105622941058,0.8424219502017938,0.22016777440891988,0.2845307084957327,0.26981008912698734,0.8693084137280069
roztriedene/120/CFP_1.jpg,roztriedene/120/CFP_2.jpg,roztriedene/120/Deep_2.jpg,0.23247057434190055,0.8216875782718134,0.1694532855788542,0.2387636094316793,0.07294708591114818,0.9131102933032249
roztriedene/121/CFP_1.jpg,roztriedene/121/CFP_2.jpg,roztriedene/121/Deep_2.jpg,0.45432337876989703,0.7222607093877087,0.3426419723645713,0.3602845943974029,0.42974759482992586,0.7668891689474302
roztriedene/122/CFP_1.jpg,roztriedene/122/CFP_2.jpg,roztriedene/122/Deep_2.jpg,0.1723771432202459,0.6117650259000695,0.1918657315453225,0.2478534162211823,0.3549448848913258,0.8643421690731601
roztriedene/123/CFP_1.jpg,roztriedene/123/CFP_2.jpg,roztriedene/123/Deep_2.jpg,0.14824462074171263,0.947929067435638,0.18191992347708996,0.19560856402483817,0.2706725070783158,0.8426844696940583
roztriedene/124/CFP_1.jpg,roztriedene/124/CFP_2.jpg,roztriedene/124/Deep_2.jpg,0.29307324799660595,1.1181005151686432,0.2239159333069074,0.22897499798314613,0.3944756650910808,1.0029086676489292
roztriedene/125/CFP_1.jpg,roztriedene/125/CFP_2.jpg,roztriedene/125/Deep_2.jpg,0.23893740550525333,0.7339666859918066,0.08738442501089116,0.11402987835343137,0.32036165628648505,0.8996977079647077
roztriedene/126/CFP_1.jpg,roztriedene/126/CFP_2.jpg,roztriedene/126/Deep_2.jpg,0.3297638028686809,0.45095551589505745,0.2101106384607926,0.20968698579615963,0.3362470869563413,0.8042121534190465
roztriedene/127/CFP_1.jpg,roztriedene/127/CFP_2.jpg,roztriedene/127/Deep_2.jpg,0.3258678914489399,0.5728029016580634,0.15489458776279685,0.13486107424154747,0.3249001883164939,0.7420648367072344
roztriedene/128/CFP_1.jpg,roztriedene/128/CFP_2.jpg,roztriedene/128/Deep_2.jpg,0.16060783706075044,0.8879485025037996,0.137212341328403,0.19762178813480846,0.3088445387942461,0.8247311784541034
roztriedene/129/CFP_1.jpg,roztriedene/129/CFP_2.jpg,roztriedene/129/Deep_2.jpg,0.17372847674098157,0.4563754138598667,0.19967556413593124,0.15742579379321742,0.3017691211515683,0.6588348621939317
roztriedene/130/CFP_1.jpg,roztriedene/130/CFP_2.jpg,roztriedene/130/Deep_2.jpg,0.3065471631762686,0.8886242682983146,0.1412081263266325,0.18747976732758687,0.20170258170574773,0.9504804391639221
roztriedene/131/CFP_1.jpg,roztriedene/131/CFP_2.jpg,roztriedene/131/Deep_2.jpg,0.33992673998493383,0.7642341098798356,0.17348198405016835,0.19671776722358647,0.46943439700059775,0.7410622337031714
roztriedene/132/CFP_1.jpg,roztriedene/132/CFP_2.jpg,roztriedene/132/Deep_2.jpg,0.2866252048413144,0.8540938822426465,0.19494196137084152,0.2061898008827523,0.17576101974454772,0.8026420359874473
roztriedene/133/CFP_1.jpg,roztriedene/133/CFP_2.jpg,roztriedene/133/Deep_2.jpg,0.21283121167361807,0.6040376578077664,0.2153499154614812,0.19807731068120338,0.4622358712276453,0.7995194533879096
roztriedene/134/CFP_1.jpg,roztriedene/134/CFP_2.jpg,roztriedene/134/Deep_2.jpg,0.4049395310653646,0.866312666793553,0.2669094632318706,0.43276830066182137,0.5226821445520305,0.950965295071848
roztriedene/135/CFP_1.jpg,roztriedene/135/CFP_2.jpg,roztriedene/135/Deep_2.jpg,0.11795105921651061,0.5003550255041069,0.09752372025962153,0.1814002199676219,0.21529381567372918,0.8625215125185823
roztriedene/136/CFP_1.jpg,roztriedene/136/CFP_2.jpg,roztriedene/136/Deep_2.jpg,0.17314701360543683,0.6795142500906461,0.15830551082680733,0.17487973803698265,0.20595251437284623,0.7265078426262314
roztriedene/137/CFP_1.jpg,roztriedene/137/CFP_2.jpg,roztriedene/137/Deep_2.jpg,0.22444264664168712,0.7229431650624671,0.1335725925904242,0.14219864954019668,0.23452128805929973,0.6881737871086846
roztriedene/138/CFP_1.jpg,roztriedene/138/CFP_2.jpg,roztriedene/138/Deep_2.jpg,0.2375316184864591,0.44736064683217824,0.060144837614774405,0.14229303616086575,0.21769403860772374,0.7061838979136241
roztriedene/139/CFP_1.jpg,roztriedene/139/CFP_2.jpg,roztriedene/139/Deep_2.jpg,0.14007565009339906,0.6968450930775512,0.26844625893962404,0.34480050175389143,0.3602828112047781,0.8928232785033867
roztriedene/140/CFP_1.jpg,roztriedene/140/CFP_2.jpg,roztriedene/140/Deep_2.jpg,0.2530288764870724,0.6826486763782846,0.07919409089634166,0.12053310576573728,0.06862254614556595,0.7893044360167172
roztriedene/141/CFP_1.jpg,roztriedene/141/CFP_2.jpg,roztriedene/141/Deep_2.jpg,0.33356098512564725,0.5842134366713059,0.15590657811882025,0.18545085281329354,0.5214139969935977,0.808885730927837
roztriedene/142/CFP_1.jpg,roztriedene/142/CFP_2.jpg,roztriedene/142/Deep_2.jpg,0.2747769147143404,0.752056727821294,0.2771419652173416,0.2974776808070001,0.38353717276845234,0.852454968988492
roztriedene/143/CFP_1.jpg,roztriedene/143/CFP_2.jpg,roztriedene/143/Deep_2.jpg,,,,,,
roztriedene/144/CFP_1.jpg,roztriedene/144/CFP_2.jpg,roztriedene/144/Deep_2.jpg,0.1369805085556559,0.7006942804273097,0.15274204958935667,0.17164304883085102,0.2611885229445453,0.8319851091140542
roztriedene/145/CFP_1.jpg,roztriedene/145/CFP_2.jpg,roztriedene/145/Deep_2.jpg,0.38629344791488407,0.824190075352168,0.31627990437992715,0.2876327017790917,0.42748277960708525,0.8643386479579108
roztriedene/146/CFP_1.jpg,roztriedene/146/CFP_2.jpg,roztriedene/146/Deep_2.jpg,0.289607668383582,0.8908958626726694,0.19974846776191213,0.2228481718829518,0.5821535122839205,0.9394648954103892
roztriedene/147/CFP_1.jpg,roztriedene/147/CFP_2.jpg,roztriedene/147/Deep_2.jpg,0.15242241856304606,0.4690875310557525,0.10931752645884651,0.10061458367596343,0.19585678090470704,0.6556830703998856
roztriedene/148/CFP_1.jpg,roztriedene/148/CFP_2.jpg,roztriedene/148/Deep_2.jpg,0.2476763406540372,1.0635109164734384,0.11223011477073008,0.1682729768892337,0.32291262661680487,1.0210195405681517
roztriedene/149/CFP_1.jpg,roztriedene/149/CFP_2.jpg,roztriedene/149/Deep_2.jpg,0.518994180554163,1.0900403048556724,0.16218190101372598,0.3238407183766149,0.38904210845950693,0.9184078506058266
roztriedene/150/CFP_1.jpg,roztriedene/150/CFP_2.jpg,roztriedene/150/Deep_2.jpg,0.2665562945819674,0.5838185598637744,0.15483279185759335,0.1528037355428109,0.33684488506893007,0.8028812177762854
roztriedene/151/CFP_1.jpg,roztriedene/151/CFP_2.jpg,roztriedene/151/Deep_2.jpg,0.3267951013669801,1.0624834829060108,0.17384731368901363,0.20723484484897026,0.36418561115565773,0.8103843263494408
roztriedene/152/CFP_1.jpg,roztriedene/152/CFP_2.jpg,roztriedene/152/Deep_2.jpg,0.16716409423649436,0.6734711272121304,0.17008202157175567,0.214978565712043,0.2675412645163373,1.1145376075190048
roztriedene/153/CFP_1.jpg,roztriedene/153/CFP_2.jpg,roztriedene/153/Deep_2.jpg,0.13146568478250942,0.5697949299322752,0.11305338181778168,0.16916811640524798,0.14388110460122316,0.7401253761902197
roztriedene/154/CFP_1.jpg,roztriedene/154/CFP_2.jpg,roztriedene/154/Deep_2.jpg,0.17540467940827853,1.1371893104211273,0.24030372182858117,0.34905101867595156,0.23207309247788255,0.8763802294586192
roztriedene/155/CFP_1.jpg,roztriedene/155/CFP_2.jpg,roztriedene/155/Deep_2.jpg,0.17103726233830008,0.9472769244853347,0.11485982219308555,0.14155569972058624,0.21697005327572072,0.7271850191023839
roztriedene/156/CFP_1.jpg,roztriedene/156/CFP_2.jpg,roztriedene/156/Deep_2.jpg,0.2358055083698778,0.49080143328954284,0.14276949078562573,0.12650403804656074,0.4474819793268866,0.6742368288277687
roztriedene/157/CFP_1.jpg,roztriedene/157/CFP_2.jpg,roztriedene/157/Deep_2.jpg,0.4425031650232365,0.4941598583029191,0.12971594311599488,0.13016284492202945,0.47685702409663633,0.7291809805365956
roztriedene/158/CFP_1.jpg,roztriedene/158/CFP_2.jpg,roztriedene/158/Deep_2.jpg,0.24665595551507402,0.4620200218102112,0.17525014211172085,0.18569947897215178,0.5169196379439486,0.9604717791688931
roztriedene/159/CFP_1.jpg,roztriedene/159/CFP_2.jpg,roztriedene/159/Deep_2.jpg,0.7360414032312002,0.6417765917447228,0.2362952453888444,0.19452306338472047,0.3721284312076465,0.7808092005154328
roztriedene/160/CFP_1.jpg,roztriedene/160/CFP_2.jpg,roztriedene/160/Deep_2.jpg,0.1931992575875069,0.6883662178979887,0.11770585646325116,0.15303990578628623,0.30407174440113616,0.8501824944897737
roztriedene/161/CFP_1.jpg,roztriedene/161/CFP_2.jpg,roztriedene/161/Deep_2.jpg,0.2894323843814969,0.8153151822432723,0.09773674859661197,0.19194919461812288,0.11105091387625332,0.9442516523208845
roztriedene/162/CFP_1.jpg,roztriedene/162/CFP_2.jpg,roztriedene/162/Deep_2.jpg,0.37590143174458235,0.9184162689102677,0.15483224587812872,0.2431026861859632,0.36551221066737716,0.9941499609686016
roztriedene/163/CFP_1.jpg,roztriedene/163/CFP_2.jpg,roztriedene/163/Deep_2.jpg,0.2808020043056536,0.9485670471293897,0.25235557612588444,0.3204226616317033,0.397933593793264,0.8636301366929469
roztriedene/164/CFP_1.jpg,roztriedene/164/CFP_2.jpg,roztriedene/164/Deep_2.jpg,0.4441512504350855,0.9538077117242952,0.31501392585221555,0.4105117188257005,0.4969572758387417,0.9339086891729533
roztriedene/165/CFP_1.jpg,roztriedene/165/CFP_2.jpg,roztriedene/165/Deep_2.jpg,0.275620937525591,,0.28498739938369544,,0.6021252162423216,
roztriedene/166/CFP_1.jpg,roztriedene/166/CFP_2.jpg,roztriedene/166/Deep_2.jpg,0.5059655108800458,0.8456706865152013,0.23850829139544139,0.2713569943595675,0.568793486481546,0.9557439337894992
roztriedene/167/CFP_1.jpg,roztriedene/167/CFP_2.jpg,roztriedene/167/Deep_2.jpg,0.20000670841061885,1.0789545243513234,0.2256116380274793,0.24123660080415343,0.27271923887850746,1.00311416330571
roztriedene/168/CFP_1.jpg,roztriedene/168/CFP_2.jpg,roztriedene/168/Deep_2.jpg,0.2611477505862907,1.0434044905912083,0.20323291914566488,0.23968484044048954,0.4044236556065587,0.9031998301200914
roztriedene/169/CFP_1.jpg,roztriedene/169/CFP_2.jpg,roztriedene/169/Deep_2.jpg,0.32691996433676973,0.9156613652858009,0.06676759778594199,0.17502585965138628,0.3595951899633364,0.9373802219034505
roztriedene/170/CFP_1.jpg,roztriedene/170/CFP_2.jpg,roztriedene/170/Deep_2.jpg,0.2090647290150135,0.6639628092849665,0.40815535852674445,0.3816850656889519,0.3913055218637673,0.7251406082266928
roztriedene/171/CFP_1.jpg,roztriedene/171/CFP_2.jpg,roztriedene/171/Deep_2.jpg,0.30813837230218044,0.9625126284645233,0.19473330227560182,0.37645007972536815,0.2594056381647395,0.9847620559908703
roztriedene/172/CFP_1.jpg,roztriedene/172/CFP_2.jpg,roztriedene/172/Deep_2.jpg,0.13230505481227472,0.9252815213761493,0.11797572875427964,0.12151337978466914,0.08095713540218308,1.0210009790875594
roztriedene/173/CFP_1.jpg,roztriedene/173/CFP_2.jpg,roztriedene/173/Deep_2.jpg,0.506658796815391,0.8387588599258357,0.3187709865617191,0.2747641996410991,0.5104206743467161,0.8195894246522916
roztriedene/174/CFP_1.jpg,roztriedene/174/CFP_2.jpg,roztriedene/174/Deep_2.jpg,1.2070237123040173,0.9863199612564203,0.5047549517908357,0.4660519886885359,1.0133183594320643,0.9294241916010001
roztriedene/175/CFP_1.jpg,roztriedene/175/CFP_2.jpg,roztriedene/175/Deep_2.jpg,0.19718710924116467,0.8431225827348512,0.15029009780677938,0.2554271164793598,0.3250922783938832,0.8062495051562963
roztriedene/176/CFP_1.jpg,roztriedene/176/CFP_2.jpg,roztriedene/176/Deep_2.jpg,0.14383130550599876,0.5755927769322184,0.14806705047380597,0.19749652542410445,0.19802488092748238,0.7074612210821852
roztriedene/177/CFP_1.jpg,roztriedene/177/CFP_2.jpg,roztriedene/177/Deep_2.jpg,0.07890665704123623,0.886583450670626,0.064769630793993,0.46963185550164566,0.128205669349594,0.9662235598606195
roztriedene/178/CFP_1.jpg,roztriedene/178/CFP_2.jpg,roztriedene/178/Deep_2.jpg,0.12955518710077862,0.8633577189035642,0.15363548478565703,0.2163822062827031,0.25668888753237407,0.9578895338177935
roztriedene/179/CFP_1.jpg,roztriedene/179/CFP_2.jpg,roztriedene/179/Deep_2.jpg,0.3131985728882145,0.6998803967699434,0.29144251666470966,0.28185997282059205,0.6456297264801266,0.8765679946084183
roztriedene/180/CFP_1.jpg,roztriedene/180/CFP_2.jpg,roztriedene/180/Deep_2.jpg,0.2742373952557594,1.0064525705433836,0.08235398245340309,0.23260718419685644,0.19270301168577453,0.9403365390276355
roztriedene/181/CFP_1.jpg,roztriedene/181/CFP_2.jpg,roztriedene/181/Deep_2.jpg,0.23769788120887958,0.8340711361298638,0.38018681836873025,0.457778434318833,0.4390072887424523,0.9545962631457838
roztriedene/182/CFP_1.jpg,roztriedene/182/CFP_2.jpg,roztriedene/182/Deep_2.jpg,0.14242834345606814,0.9645703372076789,0.140499983835063,0.1683478076853514,0.3755564243077799,0.91783815924767
roztriedene/183/CFP_1.jpg,roztriedene/183/CFP_2.jpg,roztriedene/183/Deep_2.jpg,0.19117225096103296,0.913185575447694,0.10412914923069205,0.16056426683529623,0.11537463573414031,0.9153961682875862
roztriedene/184/CFP_1.jpg,roztriedene/184/CFP_2.jpg,roztriedene/184/Deep_2.jpg,0.21660386832805212,0.9656333665425598,0.14016153318239055,0.19965869405720438,0.3784860284822059,0.854748491626262
roztriedene/185/CFP_1.jpg,roztriedene/185/CFP_2.jpg,roztriedene/185/Deep_2.jpg,0.3710260845528712,0.6219834782970266,0.10356919400435649,0.10957913929062679,0.3961147695392119,0.839975359578441
roztriedene/186/CFP_1.jpg,roztriedene/186/CFP_2.jpg,roztriedene/186/Deep_2.jpg,0.2840136206398325,0.5135399523683271,0.1908647395766152,0.24250822152316953,0.3625307980586294,0.7253264952133986
roztriedene/187/CFP_1.jpg,roztriedene/187/CFP_2.jpg,roztriedene/187/Deep_2.jpg,0.4470019013219759,0.9226961495467187,0.09391361708659907,0.15147522243039857,0.40059828888555593,0.8358196008576209
roztriedene/188/CFP_1.jpg,roztriedene/188/CFP_2.jpg,roztriedene/188/Deep_2.jpg,0.30098166139791516,0.8608556576832836,0.2601678361920998,0.2585171558679856,0.41493805689347174,0.7468577141835778
roztriedene/189/CFP_1.jpg,roztriedene/189/CFP_2.jpg,roztriedene/189/Deep_2.jpg,0.18837424237458522,0.6811243196846926,0.12604847880798786,0.19014096100544475,0.23596851419739184,0.7797365444173286
roztriedene/190/CFP_1.jpg,roztriedene/190/CFP_2.jpg,roztriedene/190/Deep_2.jpg,0.12655051341258494,0.4617413442573034,0.17353921582868215,0.15689817075543377,0.3915316928587391,0.8623043515326783
roztriedene/191/CFP_1.jpg,roztriedene/191/CFP_2.jpg,roztriedene/191/Deep_2.jpg,0.18432574309434702,0.7750619514253466,0.06714629432203878,0.10011148035688289,0.23392015343128747,0.9993875315931912
roztriedene/192/CFP_1.jpg,roztriedene/192/CFP_2.jpg,roztriedene/192/Deep_2.jpg,0.1302974223108041,0.5794902855860118,0.2600956917171001,0.346033925455816,0.2951033693302161,0.8117527318700231
roztriedene/193/CFP_1.jpg,roztriedene/193/CFP_2.jpg,roztriedene/193/Deep_2.jpg,0.27957225617783665,0.8613307552809731,0.2620240243334022,0.317943859978876,0.2795867720353179,0.7570833454366149
roztriedene/194/CFP_1.jpg,roztriedene/194/CFP_2.jpg,roztriedene/194/Deep_2.jpg,0.23802333106565554,0.8627056934427384,0.18463146359959914,0.23157697447027403,0.33570981904734487,0.7933675590045879
roztriedene/195/CFP_1.jpg,roztriedene/195/CFP_2.jpg,roztriedene/195/Deep_2.jpg,0.1325775808990748,0.9107237306137,0.11666763489732879,0.20263331569024778,0.24160477037549477,0.7499394143298819
roztriedene/196/CFP_1.jpg,roztriedene/196/CFP_2.jpg,roztriedene/196/Deep_2.jpg,0.3446911262514678,0.6577045131323961,0.17344762457777818,0.21845650128260286,0.32672138432067965,0.8971582554546739
roztriedene/197/CFP_1.jpg,roztriedene/197/CFP_2.jpg,roztriedene/197/Deep_2.jpg,0.3325717859880084,0.889995614193907,0.29604396629314234,0.4064388772385167,0.4121348143695297,0.8340019046450796
roztriedene/198/CFP_1.jpg,roztriedene/198/CFP_2.jpg,roztriedene/198/Deep_2.jpg,0.2171478529802705,0.6876846026940191,0.150113629598984,0.17455310800006552,0.27883930656448885,0.8205256913609462
roztriedene/199/CFP_1.jpg,roztriedene/199/CFP_2.jpg,roztriedene/199/Deep_2.jpg,0.20298110952702464,0.9490963161447157,0.28736923834717076,0.25798186750825614,0.28416695954601157,0.9234016202862866
roztriedene/200/CFP_1.jpg,roztriedene/200/CFP_2.jpg,roztriedene/200/Deep_2.jpg,0.15308145371351733,0.659701232275721,0.1187239751375766,0.24794607650410627,0.23817413851967517,0.8615125852572008
