img1,img2,deepfake,FaceNet_genuine,FaceNet_fake,DeepFace_genuine,DeepFace_fake,Arcface_genuine,Arcface_fake,Magface_genuine,Magface_fake
roztriedene/1/CFP_1.jpg,roztriedene/1/CFP_2.jpg,roztriedene/1/Deep_2.jpg,0.6723660499254611,1.2679454318924803,0.7365833380687706,0.7688071789397444,0.87827605,1.4250399,0.7363261,1.3294569
roztriedene/2/CFP_1.jpg,roztriedene/2/CFP_2.jpg,roztriedene/2/Deep_2.jpg,0.5572584904697168,,0.6740531336686746,,0.50759596,1.3326683,0.5182856,1.381582
roztriedene/3/CFP_1.jpg,roztriedene/3/CFP_2.jpg,roztriedene/3/Deep_2.jpg,0.5147019879250004,1.1547300014864685,0.45723474090139987,0.5236514933887625,0.6263833,1.2769939,0.57499033,1.3026366
roztriedene/4/CFP_1.jpg,roztriedene/4/CFP_2.jpg,roztriedene/4/Deep_2.jpg,0.910492327542562,1.1573479510602518,0.9505927240448134,0.8759276805651112,0.99832374,1.3511921,0.7662153,1.4140788
roztriedene/5/CFP_1.jpg,roztriedene/5/CFP_2.jpg,roztriedene/5/Deep_2.jpg,0.6469285930847879,1.3341209156881235,0.537598157870732,0.5115926805262032,0.76340675,1.4468281,0.66481024,1.3933086
roztriedene/6/CFP_1.jpg,roztriedene/6/CFP_2.jpg,roztriedene/6/Deep_2.jpg,0.9816619051248012,1.3008531596688409,0.794274795556126,0.7935982628048084,1.1257515,1.4023224,1.0128548,1.3896009
roztriedene/7/CFP_1.jpg,roztriedene/7/CFP_2.jpg,roztriedene/7/Deep_2.jpg,0.5210143456615632,1.3571762104001708,0.5102904212256951,0.7453763292305035,0.71417844,1.2557547,0.7157233,1.3151373
roztriedene/8/CFP_1.jpg,roztriedene/8/CFP_2.jpg,roztriedene/8/Deep_2.jpg,0.4081104804309491,1.0652049086424693,0.385572103955933,0.4618212804896962,0.6207361,1.1419761,0.52272016,1.1346817
roztriedene/9/CFP_1.jpg,roztriedene/9/CFP_2.jpg,roztriedene/9/Deep_2.jpg,0.8290002303314049,1.1385342844551065,0.6850796899541229,0.7208473871923291,0.7241378,1.201707,0.6272046,1.3577566
roztriedene/10/CFP_1.jpg,roztriedene/10/CFP_2.jpg,roztriedene/10/Deep_2.jpg,0.8276449530782964,0.9739414336713526,0.6147058908788157,0.6396388775500303,0.74304646,1.1817175,0.73335767,1.323605
roztriedene/11/CFP_1.jpg,roztriedene/11/CFP_2.jpg,roztriedene/11/Deep_2.jpg,0.6110657447603604,1.4428804025186752,0.48844005994447387,0.6852946212503732,0.6952523,1.3695219,0.6749224,1.4441369
roztriedene/12/CFP_1.jpg,roztriedene/12/CFP_2.jpg,roztriedene/12/Deep_2.jpg,0.8149079680174809,1.3400656088826322,0.5211898850699339,0.7312497750137312,0.7626444,1.2942573,0.7720801,1.3469526
roztriedene/13/CFP_1.jpg,roztriedene/13/CFP_2.jpg,roztriedene/13/Deep_2.jpg,0.7103891847947225,1.2114444330795666,0.51007649286824,0.599118646351013,0.6574978,1.1899054,0.7918571,1.4094566
roztriedene/14/CFP_1.jpg,roztriedene/14/CFP_2.jpg,roztriedene/14/Deep_2.jpg,0.930344157562779,1.366647225297369,0.8900717055111111,0.9032181347042955,0.82137877,1.3647329,0.7798482,1.3966343
roztriedene/15/CFP_1.jpg,roztriedene/15/CFP_2.jpg,roztriedene/15/Deep_2.jpg,,1.1987110767601155,,0.7594511128657678,0.6373479,1.2984296,0.48767427,1.3907794
roztriedene/16/CFP_1.jpg,roztriedene/16/CFP_2.jpg,roztriedene/16/Deep_2.jpg,0.8692668641553787,1.3807414440522394,0.7118289746083423,0.8074566492117171,0.84394246,1.3504915,0.88387054,1.36095
roztriedene/17/CFP_1.jpg,roztriedene/17/CFP_2.jpg,roztriedene/17/Deep_2.jpg,0.7952445144511022,1.4426354741161111,0.605390228208781,0.5325283866030524,0.65373254,1.4436864,0.52104,1.393302
roztriedene/18/CFP_1.jpg,roztriedene/18/CFP_2.jpg,roztriedene/18/Deep_2.jpg,0.6169164455400318,1.4104961579440534,0.4051257114155951,0.4736553070184815,0.6406039,1.3075767,0.65087837,1.3945527
roztriedene/19/CFP_1.jpg,roztriedene/19/CFP_2.jpg,roztriedene/19/Deep_2.jpg,0.6182224372023084,1.2705495077305247,0.5350110720106187,0.7849086424385381,0.6536666,1.2423984,0.7145954,1.3242993
roztriedene/20/CFP_1.jpg,roztriedene/20/CFP_2.jpg,roztriedene/20/Deep_2.jpg,0.6874114705857403,1.2754253718479114,0.8058627377791503,0.7985135042297367,0.6569072,1.4101993,0.65716124,1.3850522
roztriedene/21/CFP_1.jpg,roztriedene/21/CFP_2.jpg,roztriedene/21/Deep_2.jpg,0.7473834357615796,1.4940864411988966,0.5013058486535583,0.6291605527222336,0.6721717,1.5009395,0.6497518,1.3771715
roztriedene/22/CFP_1.jpg,roztriedene/22/CFP_2.jpg,roztriedene/22/Deep_2.jpg,0.43627966469777346,1.4576277201497656,0.3674459829638691,0.5919843579507233,0.6682386,1.473015,0.5640597,1.402243
roztriedene/23/CFP_1.jpg,roztriedene/23/CFP_2.jpg,roztriedene/23/Deep_2.jpg,0.6720087559214496,1.2918280497924015,0.5508809788665152,0.7000146928897221,0.72711676,1.3763766,0.67231596,1.3408898
roztriedene/24/CFP_1.jpg,roztriedene/24/CFP_2.jpg,roztriedene/24/Deep_2.jpg,0.2686560459944452,1.3155716987922328,0.4906567015750903,0.7075476425001777,0.43836543,1.3571639,0.26730216,1.3624808
roztriedene/25/CFP_1.jpg,roztriedene/25/CFP_2.jpg,roztriedene/25/Deep_2.jpg,0.671255196259545,,0.6806692884675793,,0.4799635,1.1418816,0.4287546,1.3164539
roztriedene/26/CFP_1.jpg,roztriedene/26/CFP_2.jpg,roztriedene/26/Deep_2.jpg,0.5616433432440915,1.251357790453417,0.48221369721733554,0.62854753312382,0.87655526,1.3246236,0.70815384,1.4149914
roztriedene/27/CFP_1.jpg,roztriedene/27/CFP_2.jpg,roztriedene/27/Deep_2.jpg,0.6569443794196672,1.5392179200239862,0.6090629444936355,0.7033586368561732,0.8676441,1.4478602,0.7668205,1.4120897
roztriedene/28/CFP_1.jpg,roztriedene/28/CFP_2.jpg,roztriedene/28/Deep_2.jpg,0.6293007429432622,1.2682017597185176,0.6693663187863993,0.8534912553468993,0.6562021,1.4211441,0.6334076,1.3982736
roztriedene/29/CFP_1.jpg,roztriedene/29/CFP_2.jpg,roztriedene/29/Deep_2.jpg,0.6997655669377111,1.3553752952066653,0.6992222624630744,0.7390191926852,0.619837,1.2964795,0.6745555,1.3762343
roztriedene/30/CFP_1.jpg,roztriedene/30/CFP_2.jpg,roztriedene/30/Deep_2.jpg,0.6817250520202995,1.27737077567548,0.4786820076647892,0.6559524479841262,0.7968533,1.3947021,0.88498443,1.3857269
roztriedene/31/CFP_1.jpg,roztriedene/31/CFP_2.jpg,roztriedene/31/Deep_2.jpg,0.6106345533891303,1.0248230093025201,0.5775016516984958,0.611579654084506,0.6263556,1.1504711,0.6336151,1.3011672
roztriedene/32/CFP_1.jpg,roztriedene/32/CFP_2.jpg,roztriedene/32/Deep_2.jpg,0.7338232910118515,1.1184731275932698,0.6327264081227623,0.774222001335973,0.70052737,1.2416477,0.6920168,1.2872636
roztriedene/33/CFP_1.jpg,roztriedene/33/CFP_2.jpg,roztriedene/33/Deep_2.jpg,0.8484105285245375,1.5235055938013577,0.6536600441529811,0.7155691777933925,0.8574678,1.5022165,0.7957378,1.3099457
roztriedene/34/CFP_1.jpg,roztriedene/34/CFP_2.jpg,roztriedene/34/Deep_2.jpg,0.6757640574046021,1.4016015804367206,0.6131418275427316,0.7229761508835136,0.8255569,1.3502442,0.80399,1.3726941
roztriedene/35/CFP_1.jpg,roztriedene/35/CFP_2.jpg,roztriedene/35/Deep_2.jpg,0.5849176467241788,1.1812528547467678,0.717506334824145,0.8362868541099324,0.76277065,1.3272483,0.6387025,1.3556
roztriedene/36/CFP_1.jpg,roztriedene/36/CFP_2.jpg,roztriedene/36/Deep_2.jpg,0.6728709131878032,1.3092150238817777,0.6244054810867437,0.681911041552433,0.8150908,1.3728359,0.78507215,1.4106381
roztriedene/37/CFP_1.jpg,roztriedene/37/CFP_2.jpg,roztriedene/37/Deep_2.jpg,0.5216084841718734,1.2084828133521892,0.5659802278800664,0.6584934259871873,0.50645375,1.4901162,0.5889631,1.3995084
roztriedene/38/CFP_1.jpg,roztriedene/38/CFP_2.jpg,roztriedene/38/Deep_2.jpg,0.6783174287943673,1.2334568744918875,0.6965531060550951,0.6552838886574821,0.8239902,1.2784373,0.8105729,1.469632
roztriedene/39/CFP_1.jpg,roztriedene/39/CFP_2.jpg,roztriedene/39/Deep_2.jpg,0.5526772704404325,1.2208224203308788,0.5044116355499991,0.5636618979704863,0.72917867,1.3063062,0.76703453,1.4316344
roztriedene/40/CFP_1.jpg,roztriedene/40/CFP_2.jpg,roztriedene/40/Deep_2.jpg,0.7116703049625599,1.4786407148858876,0.5504078058879068,0.5210434807301473,0.7043785,1.4390985,0.7422603,1.3893638
roztriedene/41/CFP_1.jpg,roztriedene/41/CFP_2.jpg,roztriedene/41/Deep_2.jpg,0.6783022402480483,1.1706310481911828,0.7326028580447344,0.7218299567825155,0.8273526,1.2808332,0.80223244,1.3283088
roztriedene/42/CFP_1.jpg,roztriedene/42/CFP_2.jpg,roztriedene/42/Deep_2.jpg,0.7081676597648406,1.2436527594089513,0.6127082806067589,0.6907117684082551,0.7527108,1.3460004,0.64899266,1.4017067
roztriedene/43/CFP_1.jpg,roztriedene/43/CFP_2.jpg,roztriedene/43/Deep_2.jpg,0.324443821411465,1.2292031704266888,0.3658064933813297,0.8534000814533095,0.33085087,1.2658089,0.26257253,1.3026992
roztriedene/44/CFP_1.jpg,roztriedene/44/CFP_2.jpg,roztriedene/44/Deep_2.jpg,0.6366075328704296,1.393065656322378,0.4104954202556927,0.4894166065302884,0.7708667,1.358931,0.6749878,1.4132309
roztriedene/45/CFP_1.jpg,roztriedene/45/CFP_2.jpg,roztriedene/45/Deep_2.jpg,0.5080873103237462,1.2932243239126184,0.45331862792921285,0.6179983972558493,0.7552877,1.3173455,0.692699,1.3903989
roztriedene/46/CFP_1.jpg,roztriedene/46/CFP_2.jpg,roztriedene/46/Deep_2.jpg,0.8385462318616075,1.3912288643537367,0.5073693179818121,0.657761186688708,0.7371493,1.3133197,0.8692812,1.3495864
roztriedene/47/CFP_1.jpg,roztriedene/47/CFP_2.jpg,roztriedene/47/Deep_2.jpg,0.868095714567641,1.3412008540818419,0.3754471375239968,0.5110231519264679,0.9947896,1.2141006,0.872974,1.255245
roztriedene/48/CFP_1.jpg,roztriedene/48/CFP_2.jpg,roztriedene/48/Deep_2.jpg,0.30961979220544655,1.243899722075553,0.4005212932998404,0.7062089592474317,0.34521633,1.3556019,0.36759672,1.3752015
roztriedene/49/CFP_1.jpg,roztriedene/49/CFP_2.jpg,roztriedene/49/Deep_2.jpg,0.3715970753372823,1.1880190981838974,0.412809099438123,0.7040411847368226,0.35904068,1.309007,0.29650515,1.2653702
roztriedene/50/CFP_1.jpg,roztriedene/50/CFP_2.jpg,roztriedene/50/Deep_2.jpg,0.793155870340266,1.4997227567996025,0.6164202962162582,0.6375409702613429,0.85313475,1.3654332,0.9030763,1.389799
roztriedene/51/CFP_1.jpg,roztriedene/51/CFP_2.jpg,roztriedene/51/Deep_2.jpg,0.5975186681853529,1.5670676775500212,0.5709797957504031,0.6319547586585194,0.6119208,1.5155143,0.6777115,1.3650413
roztriedene/52/CFP_1.jpg,roztriedene/52/CFP_2.jpg,roztriedene/52/Deep_2.jpg,0.7403831987627726,1.1077308759640725,0.6410582088820321,0.5950268651189146,0.6464286,1.2679396,0.66748005,1.3829969
roztriedene/53/CFP_1.jpg,roztriedene/53/CFP_2.jpg,roztriedene/53/Deep_2.jpg,0.6533319122987346,1.3638358364633916,0.41286416372373774,0.6076859606248327,0.6502264,1.3235354,0.6465623,1.3622695
roztriedene/54/CFP_1.jpg,roztriedene/54/CFP_2.jpg,roztriedene/54/Deep_2.jpg,0.5678570221214145,1.3498263270478255,0.7485774898931871,0.895457131267715,0.64147645,1.2716093,0.6022843,1.2393934
roztriedene/55/CFP_1.jpg,roztriedene/55/CFP_2.jpg,roztriedene/55/Deep_2.jpg,0.8162821749523129,1.4920980055315844,0.607103594928502,0.7724743346961997,0.83550745,1.3313963,0.8288907,1.4162662
roztriedene/56/CFP_1.jpg,roztriedene/56/CFP_2.jpg,roztriedene/56/Deep_2.jpg,0.7725180112307207,1.565533259858278,0.5127477084148054,0.6348053495771919,0.84664404,1.4437257,0.79960644,1.406995
roztriedene/57/CFP_1.jpg,roztriedene/57/CFP_2.jpg,roztriedene/57/Deep_2.jpg,0.4854370309199817,1.4162214650187945,0.6591821424530155,0.6773051296899248,0.559697,1.2243471,0.69483453,1.3136421
roztriedene/58/CFP_1.jpg,roztriedene/58/CFP_2.jpg,roztriedene/58/Deep_2.jpg,0.5696723834195503,1.48414523390161,0.4944623297982595,0.5438161375031576,0.611184,1.4381595,0.60095954,1.3946761
roztriedene/59/CFP_1.jpg,roztriedene/59/CFP_2.jpg,roztriedene/59/Deep_2.jpg,0.4559059861328196,1.530785457410238,0.4627424390501304,0.526832821541722,0.4109377,1.3891783,0.5215768,1.365159
roztriedene/60/CFP_1.jpg,roztriedene/60/CFP_2.jpg,roztriedene/60/Deep_2.jpg,0.7221863286396172,1.323434123702184,0.6553937691673533,0.8014783091605091,0.6614731,1.3452404,0.63198143,1.3018633
roztriedene/61/CFP_1.jpg,roztriedene/61/CFP_2.jpg,roztriedene/61/Deep_2.jpg,0.7571527848758076,1.0376060507319795,0.7235312722319618,0.7941128703043044,0.98191524,1.1505554,0.81719404,1.2927932
roztriedene/62/CFP_1.jpg,roztriedene/62/CFP_2.jpg,roztriedene/62/Deep_2.jpg,0.7985508309185353,1.1014884888765013,0.5179801928547952,0.5236554826529732,0.6716748,1.2346125,0.65628177,1.2431245
roztriedene/63/CFP_1.jpg,roztriedene/63/CFP_2.jpg,roztriedene/63/Deep_2.jpg,0.7207671206017907,1.2088034069666334,0.5185387179636052,0.6148436941496248,0.69717705,1.377089,0.7421051,1.3931173
roztriedene/64/CFP_1.jpg,roztriedene/64/CFP_2.jpg,roztriedene/64/Deep_2.jpg,0.4651758568712942,1.1773766221783226,0.4540677139579511,0.5669581585310824,0.55018777,1.2137214,0.58545375,1.3453795
roztriedene/65/CFP_1.jpg,roztriedene/65/CFP_2.jpg,roztriedene/65/Deep_2.jpg,0.7781178135715612,1.2691322181522084,0.5792307520850013,0.6361447745892488,0.7543328,1.4067259,0.70767385,1.393919
roztriedene/66/CFP_1.jpg,roztriedene/66/CFP_2.jpg,roztriedene/66/Deep_2.jpg,0.7040082287963161,1.0162423689944395,0.7058759321520223,0.7282142936100199,0.67571276,1.0890577,0.78907233,1.2940962
roztriedene/67/CFP_1.jpg,roztriedene/67/CFP_2.jpg,roztriedene/67/Deep_2.jpg,0.7055885871737526,1.251314426002776,0.6626425309977038,0.6672182345299013,0.8628611,1.3187357,0.7391469,1.3444091
roztriedene/68/CFP_1.jpg,roztriedene/68/CFP_2.jpg,roztriedene/68/Deep_2.jpg,0.9370387552855358,1.3840557885371054,0.7651625847627921,0.7936399058715947,0.7429185,1.4812348,0.73618364,1.4666693
roztriedene/69/CFP_1.jpg,roztriedene/69/CFP_2.jpg,roztriedene/69/Deep_2.jpg,0.9529790907986749,1.2523939799743684,0.7782823690136693,0.7640932171238658,1.0120047,1.3232598,0.87197703,1.5096339
roztriedene/70/CFP_1.jpg,roztriedene/70/CFP_2.jpg,roztriedene/70/Deep_2.jpg,0.7480903115282623,1.096715996728279,0.5076362197749196,0.6185680891310039,0.8145058,1.213668,0.7921991,1.3836986
roztriedene/71/CFP_1.jpg,roztriedene/71/CFP_2.jpg,roztriedene/71/Deep_2.jpg,0.8300635122295682,1.402214289912504,0.7855820701061057,0.7230723043965636,0.8398761,1.4880623,0.7215096,1.395224
roztriedene/72/CFP_1.jpg,roztriedene/72/CFP_2.jpg,roztriedene/72/Deep_2.jpg,0.45619425800288615,1.448754014999009,0.5313482506786595,0.6646252668124587,0.6879539,1.3859885,0.60164726,1.4607579
roztriedene/73/CFP_1.jpg,roztriedene/73/CFP_2.jpg,roztriedene/73/Deep_2.jpg,0.5571588813738556,1.0462761382972945,0.6922743043928479,0.891219723670573,0.64160144,1.1165072,0.71744055,1.2254755
roztriedene/74/CFP_1.jpg,roztriedene/74/CFP_2.jpg,roztriedene/74/Deep_2.jpg,0.763913518060499,1.359249370186241,0.5926997044261486,0.7221191439814802,0.61137617,1.427225,0.55599546,1.3984715
roztriedene/75/CFP_1.jpg,roztriedene/75/CFP_2.jpg,roztriedene/75/Deep_2.jpg,0.7842436128185916,1.395313522780779,0.677272380768769,0.776883081789096,0.814472,1.4450685,0.7822317,1.3951143
roztriedene/76/CFP_1.jpg,roztriedene/76/CFP_2.jpg,roztriedene/76/Deep_2.jpg,,1.3076770121633436,,0.7658636575702452,0.89546436,1.4057207,0.7685992,1.36788
roztriedene/77/CFP_1.jpg,roztriedene/77/CFP_2.jpg,roztriedene/77/Deep_2.jpg,0.9517551972871855,1.2665811718312954,0.6021306068297795,0.6497742318738586,1.0102477,1.2744348,1.0515993,1.4332447
roztriedene/78/CFP_1.jpg,roztriedene/78/CFP_2.jpg,roztriedene/78/Deep_2.jpg,0.5726666308300556,1.395606367557551,0.5610236730377671,0.6702238865330192,0.68711674,1.5524471,0.6651553,1.4364942
roztriedene/79/CFP_1.jpg,roztriedene/79/CFP_2.jpg,roztriedene/79/Deep_2.jpg,0.5820417045949073,1.2470378357588692,0.40059551935449245,0.44274979884149884,0.69218194,1.3086357,0.80683935,1.3144591
roztriedene/80/CFP_1.jpg,roztriedene/80/CFP_2.jpg,roztriedene/80/Deep_2.jpg,0.8337671253183995,1.3455226104690512,0.768101060113113,0.7939269762983241,0.9212918,1.1978962,0.81108147,1.3353987
roztriedene/81/CFP_1.jpg,roztriedene/81/CFP_2.jpg,roztriedene/81/Deep_2.jpg,0.725200844025737,1.3318861591448594,0.5875894864269245,0.5845578208699077,0.78584146,1.331158,0.7402743,1.3754594
roztriedene/82/CFP_1.jpg,roztriedene/82/CFP_2.jpg,roztriedene/82/Deep_2.jpg,1.5481780293665774,1.2400720139556707,0.8630982036601401,0.8783766139673767,1.063758,1.3787925,0.98232317,1.3200563
roztriedene/83/CFP_1.jpg,roztriedene/83/CFP_2.jpg,roztriedene/83/Deep_2.jpg,0.41233237007038576,1.261288792891331,0.6426521003724961,0.8261658853818551,0.547201,1.2929049,0.44788596,1.3304851
roztriedene/84/CFP_1.jpg,roztriedene/84/CFP_2.jpg,roztriedene/84/Deep_2.jpg,0.608167217926596,1.3530847231895773,0.6155871615280871,0.6612083458671184,0.6357389,1.2933623,0.5606442,1.3537624
roztriedene/85/CFP_1.jpg,roztriedene/85/CFP_2.jpg,roztriedene/85/Deep_2.jpg,0.6587153137477486,1.3833392156902735,0.5237181640463208,0.6738568144950222,0.5573532,1.3448966,0.5452526,1.4575225
roztriedene/86/CFP_1.jpg,roztriedene/86/CFP_2.jpg,roztriedene/86/Deep_2.jpg,0.6151159199704118,1.2081659437688201,0.5483050247381795,0.7498196262381025,0.75629777,1.2981485,0.6752331,1.2419956
roztriedene/87/CFP_1.jpg,roztriedene/87/CFP_2.jpg,roztriedene/87/Deep_2.jpg,0.6249787832624132,1.4371480919420532,0.5572322498287143,0.6667477866846585,0.7166608,1.3736535,0.7066842,1.3538604
roztriedene/88/CFP_1.jpg,roztriedene/88/CFP_2.jpg,roztriedene/88/Deep_2.jpg,0.6083320947124067,1.398491540741653,0.6491566144023824,0.7655010334573193,0.5966712,1.3121158,0.58313334,1.3240359
roztriedene/89/CFP_1.jpg,roztriedene/89/CFP_2.jpg,roztriedene/89/Deep_2.jpg,0.8718119875225037,1.3584807442429643,0.6203884810769021,0.5966071519269245,0.9287128,1.4019272,0.88476795,1.4333639
roztriedene/90/CFP_1.jpg,roztriedene/90/CFP_2.jpg,roztriedene/90/Deep_2.jpg,0.8103299436573059,1.376951364607259,0.7041285110464189,0.7811446413886177,0.6876243,1.2747946,0.677791,1.4497911
roztriedene/91/CFP_1.jpg,roztriedene/91/CFP_2.jpg,roztriedene/91/Deep_2.jpg,0.42929737717552396,1.3193624930210814,0.34927053514338924,0.4855786246168738,0.6331237,1.2664468,0.47601712,1.3010254
roztriedene/92/CFP_1.jpg,roztriedene/92/CFP_2.jpg,roztriedene/92/Deep_2.jpg,0.8016950078974671,1.3115671612582773,0.6600848709027862,0.5924339014085002,0.79290736,1.4259043,0.58987623,1.2255062
roztriedene/93/CFP_1.jpg,roztriedene/93/CFP_2.jpg,roztriedene/93/Deep_2.jpg,0.4905822624499265,1.4860800593292856,0.45802724449725085,0.5355997886948924,0.7276888,1.4220837,0.6279581,1.3925134
roztriedene/94/CFP_1.jpg,roztriedene/94/CFP_2.jpg,roztriedene/94/Deep_2.jpg,0.7232055475695622,1.4285586959944576,0.7861161220770433,0.7814275758424711,0.9364125,1.3232244,0.9040352,1.3100386
roztriedene/95/CFP_1.jpg,roztriedene/95/CFP_2.jpg,roztriedene/95/Deep_2.jpg,0.7064354493738357,1.222921889089253,0.6066372428734653,0.6762567695863094,0.8313814,1.350812,0.7546624,1.30815
roztriedene/96/CFP_1.jpg,roztriedene/96/CFP_2.jpg,roztriedene/96/Deep_2.jpg,0.7819642376772932,1.4317568290384668,0.5354968059686629,0.6482763541410991,0.7293738,1.405208,0.740074,1.3413881
roztriedene/97/CFP_1.jpg,roztriedene/97/CFP_2.jpg,roztriedene/97/Deep_2.jpg,0.7173312873957287,1.4584815601453758,0.7027400275055606,0.7339954599914273,0.71953416,1.491565,0.72442704,1.458416
roztriedene/98/CFP_1.jpg,roztriedene/98/CFP_2.jpg,roztriedene/98/Deep_2.jpg,0.6689391708475259,1.2485615219141954,0.6709193534766728,0.7044888664092231,0.84434515,1.3639915,0.79480475,1.3940623
roztriedene/99/CFP_1.jpg,roztriedene/99/CFP_2.jpg,roztriedene/99/Deep_2.jpg,,,,,0.7994894,1.4925984,0.6350795,1.4048507
roztriedene/100/CFP_1.jpg,roztriedene/100/CFP_2.jpg,roztriedene/100/Deep_2.jpg,0.9567058589785644,1.3238951937564307,0.7071745952576353,0.6734877311943748,0.8349043,1.2773594,0.78621596,1.2685823
roztriedene/101/CFP_1.jpg,roztriedene/101/CFP_2.jpg,roztriedene/101/Deep_2.jpg,0.7703193632560464,1.3035849437226736,0.9170667322994762,0.9320139294336295,0.97315806,1.3024441,0.7874489,1.4161876
roztriedene/102/CFP_1.jpg,roztriedene/102/CFP_2.jpg,roztriedene/102/Deep_2.jpg,0.500247839398884,1.486977396602072,0.5234355238878055,0.7024245741146439,0.7394694,1.3603569,0.56607467,1.4698488
roztriedene/103/CFP_1.jpg,roztriedene/103/CFP_2.jpg,roztriedene/103/Deep_2.jpg,0.5964195115494066,1.2751394382560797,0.46566530315417975,0.6171734757814757,0.7145652,1.2950944,0.80580217,1.4166023
roztriedene/104/CFP_1.jpg,roztriedene/104/CFP_2.jpg,roztriedene/104/Deep_2.jpg,0.3616822971283091,1.2065343618210331,0.563097163972291,0.6083367398135342,0.43646622,1.3140991,0.45097032,1.4444642
roztriedene/105/CFP_1.jpg,roztriedene/105/CFP_2.jpg,roztriedene/105/Deep_2.jpg,0.7560589724628405,1.0996950434369728,0.7906753543100973,0.8347018662732215,0.67142415,1.1485753,0.7775728,1.229057
roztriedene/106/CFP_1.jpg,roztriedene/106/CFP_2.jpg,roztriedene/106/Deep_2.jpg,1.3957417097812008,1.3471791758729477,1.0111273593807213,0.7290225032877851,1.0018265,1.3800571,0.93111044,1.3570163
roztriedene/107/CFP_1.jpg,roztriedene/107/CFP_2.jpg,roztriedene/107/Deep_2.jpg,0.7888035550102888,1.132637008450057,0.40289153825255275,0.418188460612939,0.6835464,1.3184772,0.72711927,1.3507799
roztriedene/108/CFP_1.jpg,roztriedene/108/CFP_2.jpg,roztriedene/108/Deep_2.jpg,0.5475146657803173,1.119285693980516,0.32523344664922604,0.40664651905718363,0.68459284,1.2814918,0.6703233,1.421798
roztriedene/109/CFP_1.jpg,roztriedene/109/CFP_2.jpg,roztriedene/109/Deep_2.jpg,0.5860298421161791,1.2191290571586575,0.5419791993903766,0.5989367350265432,0.61427504,1.2946335,0.6332253,1.2966706
roztriedene/110/CFP_1.jpg,roztriedene/110/CFP_2.jpg,roztriedene/110/Deep_2.jpg,0.8707090114084243,1.2107226677157261,0.5987723188010043,0.6409788508673058,1.0459013,1.3140975,0.85283124,1.3470732
roztriedene/111/CFP_1.jpg,roztriedene/111/CFP_2.jpg,roztriedene/111/Deep_2.jpg,0.8725119725314208,1.4483566466831834,0.5832890801182538,0.6769282032488996,0.895896,1.4267625,0.7487707,1.4463644
roztriedene/112/CFP_1.jpg,roztriedene/112/CFP_2.jpg,roztriedene/112/Deep_2.jpg,0.6232167487071183,1.156879663551755,0.4701627060839343,0.5320258206677305,0.8456593,1.2152416,0.76174104,1.3629878
roztriedene/113/CFP_1.jpg,roztriedene/113/CFP_2.jpg,roztriedene/113/Deep_2.jpg,0.8158490961736088,1.2851057725765487,0.49502567168600636,0.5944844646661549,0.8165098,1.2101355,0.80892575,1.3360177
roztriedene/114/CFP_1.jpg,roztriedene/114/CFP_2.jpg,roztriedene/114/Deep_2.jpg,0.6457473598204734,0.9418824080037511,0.5926380613495871,0.6017131585679429,0.7598183,1.1525441,0.738822,1.2689202
roztriedene/115/CFP_1.jpg,roztriedene/115/CFP_2.jpg,roztriedene/115/Deep_2.jpg,0.8722669104461225,1.4285627738775504,0.7414630375987528,0.8230667979829519,0.7568002,1.2416222,0.6992124,1.2770967
roztriedene/116/CFP_1.jpg,roztriedene/116/CFP_2.jpg,roztriedene/116/Deep_2.jpg,0.6256684582272231,0.8909544798637612,0.5189128964761887,0.5544368648030105,0.6059326,1.2223632,0.682217,1.3000188
roztriedene/117/CFP_1.jpg,roztriedene/117/CFP_2.jpg,roztriedene/117/Deep_2.jpg,0.4279144923649158,1.0147705201694093,0.6092514818206047,0.6323061802959192,0.55909365,1.251998,0.53000134,1.3103744
roztriedene/118/CFP_1.jpg,roztriedene/118/CFP_2.jpg,roztriedene/118/Deep_2.jpg,0.5522424500680286,1.133378603859894,0.7528213848313149,0.8241122674635842,0.7656599,1.1259514,0.72256,1.190771
roztriedene/119/CFP_1.jpg,roztriedene/119/CFP_2.jpg,roztriedene/119/Deep_2.jpg,0.56076921497067,1.2980153698641583,0.6635778393058646,0.7543615956499015,0.6009471,1.2298789,0.63118416,1.3173999
roztriedene/120/CFP_1.jpg,roztriedene/120/CFP_2.jpg,roztriedene/120/Deep_2.jpg,0.681865931605181,1.281941947415571,0.5821568269441736,0.6910334426519158,0.86694765,1.3144063,0.81594765,1.4263569
roztriedene/121/CFP_1.jpg,roztriedene/121/CFP_2.jpg,roztriedene/121/Deep_2.jpg,0.9532296457516385,1.2018824479854164,0.827818787373869,0.8488634688775372,0.927953,1.2611606,0.97993374,1.3814636
roztriedene/122/CFP_1.jpg,roztriedene/122/CFP_2.jpg,roztriedene/122/Deep_2.jpg,0.5871578036954732,1.1061329268221514,0.6194606227119244,0.7040645087222934,0.7183034,1.337493,0.60160315,1.2941897
roztriedene/123/CFP_1.jpg,roztriedene/123/CFP_2.jpg,roztriedene/123/Deep_2.jpg,0.5445082565796645,1.3769016431362395,0.6031913850132311,0.6254735230604702,0.66730946,1.4535908,0.754477,1.4480278
roztriedene/124/CFP_1.jpg,roztriedene/124/CFP_2.jpg,roztriedene/124/Deep_2.jpg,0.7656020480597029,1.495393269456997,0.6692024107949811,0.6767200277561558,0.91889125,1.4324725,0.74035734,1.461954
roztriedene/125/CFP_1.jpg,roztriedene/125/CFP_2.jpg,roztriedene/125/Deep_2.jpg,0.691284898584156,1.2115830025151446,0.41805364490909813,0.47755602467863706,0.7729591,1.2841444,0.6031313,1.322022
roztriedene/126/CFP_1.jpg,roztriedene/126/CFP_2.jpg,roztriedene/126/Deep_2.jpg,0.812113049850427,0.949689966141643,0.648244766212258,0.6475908983241807,0.76826227,1.1447754,0.6757025,1.3148216
roztriedene/127/CFP_1.jpg,roztriedene/127/CFP_2.jpg,roztriedene/127/Deep_2.jpg,0.8073015439709502,1.0703297638186684,0.5565870781158991,0.5193478107040554,0.8466938,1.133616,0.85845435,1.2403032
roztriedene/128/CFP_1.jpg,roztriedene/128/CFP_2.jpg,roztriedene/128/Deep_2.jpg,0.5667589206368976,1.3326278569081464,0.5238555933239675,0.6286840035102029,0.7393496,1.4106976,0.60540897,1.3864795
roztriedene/129/CFP_1.jpg,roztriedene/129/CFP_2.jpg,roztriedene/129/Deep_2.jpg,0.5894547934167329,0.9553799389351512,0.6319423456865844,0.5611163761524294,0.67407507,1.1044928,0.6437028,1.2017999
roztriedene/130/CFP_1.jpg,roztriedene/130/CFP_2.jpg,roztriedene/130/Deep_2.jpg,0.7830034012394437,1.333134853117504,0.5314285019203102,0.6123393949887382,0.71594363,1.3842164,0.6960919,1.346117
roztriedene/131/CFP_1.jpg,roztriedene/131/CFP_2.jpg,roztriedene/131/Deep_2.jpg,0.8245322795196484,1.236312347167847,0.5890364743378265,0.6272443977009065,0.7784961,1.2319585,0.8452844,1.3119143
roztriedene/132/CFP_1.jpg,roztriedene/132/CFP_2.jpg,roztriedene/132/Deep_2.jpg,0.7571330198073709,1.3069765738089159,0.6244068567382032,0.6421678921944827,0.6967214,1.2000039,0.8366533,1.4291966
roztriedene/133/CFP_1.jpg,roztriedene/133/CFP_2.jpg,roztriedene/133/Deep_2.jpg,0.6524280982202074,1.0991247952873835,0.656277251565954,0.6294081516491556,0.87915367,1.1997799,0.7508672,1.3091776
roztriedene/134/CFP_1.jpg,roztriedene/134/CFP_2.jpg,roztriedene/134/Deep_2.jpg,0.8999328097867803,1.3162922675405742,0.7306291305879755,0.9303421958202491,0.7266337,1.3621696,0.7152691,1.3241667
roztriedene/135/CFP_1.jpg,roztriedene/135/CFP_2.jpg,roztriedene/135/Deep_2.jpg,0.4856975586031099,1.000354962504917,0.44164175586015736,0.6023291790501637,0.51780325,1.0498828,0.47774214,1.2955401
roztriedene/136/CFP_1.jpg,roztriedene/136/CFP_2.jpg,roztriedene/136/Deep_2.jpg,0.5884675243468186,1.165773777446247,0.5626819898074001,0.5914046635544614,0.54368466,1.2319672,0.47500756,1.2524295
roztriedene/137/CFP_1.jpg,roztriedene/137/CFP_2.jpg,roztriedene/137/Deep_2.jpg,0.6699890247484465,1.2024501362322406,0.5168608953875775,0.5332891327229476,0.7432695,1.3108999,0.72601676,1.342571
roztriedene/138/CFP_1.jpg,roztriedene/138/CFP_2.jpg,roztriedene/138/Deep_2.jpg,0.6892483129996896,0.9458970840764637,0.3468280196719247,0.5334660929447448,0.5115398,1.1057066,0.5442909,1.1998363
roztriedene/139/CFP_1.jpg,roztriedene/139/CFP_2.jpg,roztriedene/139/Deep_2.jpg,0.5292932081434621,1.1805465624680385,0.7327294984366655,0.8304221838967111,0.59910035,1.3223078,0.757433,1.3112302
roztriedene/140/CFP_1.jpg,roztriedene/140/CFP_2.jpg,roztriedene/140/Deep_2.jpg,0.7113773632708202,1.168459392857351,0.39798012738412414,0.49098494022879613,0.8082498,1.23522,0.8256193,1.2830199
roztriedene/141/CFP_1.jpg,roztriedene/141/CFP_2.jpg,roztriedene/141/Deep_2.jpg,0.8167753487044617,1.0809379599878117,0.5584023247065152,0.6090169994561627,0.9217842,0.99029475,0.8888536,1.2326964
roztriedene/142/CFP_1.jpg,roztriedene/142/CFP_2.jpg,roztriedene/142/Deep_2.jpg,0.741318979541655,1.2264230329060963,0.7445024717451804,0.771333495716347,0.64869606,1.3368381,0.53926665,1.3760909
roztriedene/143/CFP_1.jpg,roztriedene/143/CFP_2.jpg,roztriedene/143/Deep_2.jpg,,,,,0.69692767,1.3964984,0.66266435,1.2955647
roztriedene/144/CFP_1.jpg,roztriedene/144/CFP_2.jpg,roztriedene/144/Deep_2.jpg,0.5234128553172072,1.1838025852542389,0.5527061598885195,0.5859062191696739,0.52797127,1.2264102,0.58010834,1.36431
roztriedene/145/CFP_1.jpg,roztriedene/145/CFP_2.jpg,roztriedene/145/Deep_2.jpg,0.8789692234826929,1.2838925775563685,0.795336286585652,0.7584625261396792,0.7718384,1.3188748,0.74593544,1.3539546
roztriedene/146/CFP_1.jpg,roztriedene/146/CFP_2.jpg,roztriedene/146/Deep_2.jpg,0.7610619795832426,1.3348377149846113,0.632057699521036,0.6676049309029282,0.957129,1.380836,0.8185259,1.3513854
roztriedene/147/CFP_1.jpg,roztriedene/147/CFP_2.jpg,roztriedene/147/Deep_2.jpg,0.5521275551229919,0.9685943743959622,0.4675842735996295,0.44858574136047497,0.75843453,1.235944,0.57225937,1.2700782
roztriedene/148/CFP_1.jpg,roztriedene/148/CFP_2.jpg,roztriedene/148/Deep_2.jpg,0.7038129590367559,1.4584312918155853,0.4737723393587473,0.5801258085781629,0.74324894,1.3800867,0.70864326,1.4563164
roztriedene/149/CFP_1.jpg,roztriedene/149/CFP_2.jpg,roztriedene/149/Deep_2.jpg,1.0188171382089752,1.4765096036637706,0.5695294566810853,0.8047865783878543,0.8045453,1.3109814,0.68958575,1.3532858
roztriedene/150/CFP_1.jpg,roztriedene/150/CFP_2.jpg,roztriedene/150/Deep_2.jpg,0.7301455944973817,1.0805725888285103,0.5564760405580698,0.5528177557618983,0.7702172,1.216416,0.67170775,1.3174424
roztriedene/151/CFP_1.jpg,roztriedene/151/CFP_2.jpg,roztriedene/151/Deep_2.jpg,0.808449257983431,1.4577266430342903,0.5896563638069444,0.6437932041408488,0.88604665,1.4807719,0.7243758,1.3344641
roztriedene/152/CFP_1.jpg,roztriedene/152/CFP_2.jpg,roztriedene/152/Deep_2.jpg,0.5782111971183098,1.1605784137335402,0.5832358383565875,0.6557111646327878,0.6062058,1.3035883,0.67404956,1.4249772
roztriedene/153/CFP_1.jpg,roztriedene/153/CFP_2.jpg,roztriedene/153/Deep_2.jpg,0.5127683390821036,1.0675157422092427,0.4755068491994235,0.5816667712793088,0.56401825,1.164962,0.53440934,1.2871479
roztriedene/154/CFP_1.jpg,roztriedene/154/CFP_2.jpg,roztriedene/154/Deep_2.jpg,0.5922916163652473,1.508104313647519,0.6932585691191725,0.8355250070176853,0.73086077,1.2885871,0.5578783,1.4279552
roztriedene/155/CFP_1.jpg,roztriedene/155/CFP_2.jpg,roztriedene/155/Deep_2.jpg,0.584871374471858,1.3764279309032745,0.47929077227312805,0.5320821359914015,0.6152987,1.2828093,0.6679845,1.3514502
roztriedene/156/CFP_1.jpg,roztriedene/156/CFP_2.jpg,roztriedene/156/Deep_2.jpg,0.6867394096305783,0.9907587327796237,0.5343584766533152,0.5029990816026615,0.68506896,1.0665488,0.7031273,1.3625234
roztriedene/157/CFP_1.jpg,roztriedene/157/CFP_2.jpg,roztriedene/157/Deep_2.jpg,0.9407477504870649,0.9941427043467344,0.509344565330769,0.5102212165757701,0.8706061,1.2164878,0.71349233,1.2950652
roztriedene/158/CFP_1.jpg,roztriedene/158/CFP_2.jpg,roztriedene/158/Deep_2.jpg,0.7023616668285277,0.961270015979081,0.592030644665833,0.6094251044585408,0.85889924,1.2890925,0.9025446,1.3304857
roztriedene/159/CFP_1.jpg,roztriedene/159/CFP_2.jpg,roztriedene/159/Deep_2.jpg,1.2132941961710688,1.1329400617373566,0.6874521734474982,0.6237356224951731,1.0329726,1.4256724,0.7137493,1.4110178
roztriedene/160/CFP_1.jpg,roztriedene/160/CFP_2.jpg,roztriedene/160/Deep_2.jpg,0.6216096163791337,1.173342420521809,0.4851924493708679,0.5532448025716757,0.73048395,1.3554912,0.77547574,1.3319801
roztriedene/161/CFP_1.jpg,roztriedene/161/CFP_2.jpg,roztriedene/161/Deep_2.jpg,0.7608316297072526,1.2769613794028953,0.44212384825207535,0.6195953431363453,0.76183164,1.2196077,0.8106938,1.362152
roztriedene/162/CFP_1.jpg,roztriedene/162/CFP_2.jpg,roztriedene/162/Deep_2.jpg,0.8670656627321633,1.355297951677245,0.5564750594197885,0.6972842837551454,0.7741291,1.413096,0.7082073,1.4304283
roztriedene/163/CFP_1.jpg,roztriedene/163/CFP_2.jpg,roztriedene/163/Deep_2.jpg,0.7494024343510683,1.3773649096222755,0.7104302585418003,0.8005281526988337,0.7654221,1.3835846,0.69108975,1.2688465
roztriedene/164/CFP_1.jpg,roztriedene/164/CFP_2.jpg,roztriedene/164/Deep_2.jpg,0.9424980110696103,1.3811645171552123,0.7937429380501166,0.9061034365078863,0.9889886,1.2714497,1.0544921,1.3997793
roztriedene/165/CFP_1.jpg,roztriedene/165/CFP_2.jpg,roztriedene/165/Deep_2.jpg,0.7424566486005645,,0.75496675341858,,0.9593553,1.3541974,0.93248415,1.4392467
roztriedene/166/CFP_1.jpg,roztriedene/166/CFP_2.jpg,roztriedene/166/Deep_2.jpg,1.0059478225833045,1.3005158103731005,0.690663871062388,0.7366912438186944,1.0419232,1.3756833,0.97359896,1.3436972
roztriedene/167/CFP_1.jpg,roztriedene/167/CFP_2.jpg,roztriedene/167/Deep_2.jpg,0.6324661388732505,1.468982317355334,0.6717315505877017,0.6946029093002039,0.5930356,1.2046047,0.63651055,1.3911155
roztriedene/168/CFP_1.jpg,roztriedene/168/CFP_2.jpg,roztriedene/168/Deep_2.jpg,0.7227001460997369,1.4445791709637852,0.6375467342017601,0.6923652799505325,0.8232683,1.4144679,0.7112678,1.4799615
roztriedene/169/CFP_1.jpg,roztriedene/169/CFP_2.jpg,roztriedene/169/Deep_2.jpg,0.8086036907370256,1.3532637328220993,0.36542467838377385,0.5916516874840911,0.85021377,1.4186636,0.82432336,1.4002424
roztriedene/170/CFP_1.jpg,roztriedene/170/CFP_2.jpg,roztriedene/170/Deep_2.jpg,0.6466293049576602,1.1523565501050157,0.9034991516617425,0.8737105535461408,0.73908055,1.2989033,0.7690332,1.3407286
roztriedene/171/CFP_1.jpg,roztriedene/171/CFP_2.jpg,roztriedene/171/Deep_2.jpg,0.7850329576548754,1.3874527944867339,0.624072595577793,0.8676981960628568,0.6798336,1.3547148,0.7641334,1.4064533
roztriedene/172/CFP_1.jpg,roztriedene/172/CFP_2.jpg,roztriedene/172/Deep_2.jpg,0.514402672645224,1.3603540137597636,0.48574834792159555,0.4929774432662601,0.7032629,1.3771776,0.630929,1.3953333
roztriedene/173/CFP_1.jpg,roztriedene/173/CFP_2.jpg,roztriedene/173/Deep_2.jpg,1.00663677343458,1.2951902253536627,0.798462255290404,0.741301827383555,0.8745074,1.3538793,0.8937126,1.4329084
roztriedene/174/CFP_1.jpg,roztriedene/174/CFP_2.jpg,roztriedene/174/Deep_2.jpg,1.5537205104548357,1.404507003369097,1.0047437004438853,0.9654553212744087,0.8519002,1.3445485,0.76458126,1.4138346
roztriedene/175/CFP_1.jpg,roztriedene/175/CFP_2.jpg,roztriedene/175/Deep_2.jpg,0.6279922121191709,1.2985550298195692,0.5482519453805512,0.7147406753212802,0.7939511,1.4184588,0.6765388,1.3659191
roztriedene/176/CFP_1.jpg,roztriedene/176/CFP_2.jpg,roztriedene/176/Deep_2.jpg,0.5363418788534023,1.0729331544250262,0.5441820476160638,0.628484726026185,0.6616511,1.1352303,0.5913366,1.3147302
roztriedene/177/CFP_1.jpg,roztriedene/177/CFP_2.jpg,roztriedene/177/Deep_2.jpg,0.3972572391819594,1.3316031320709831,0.35991563120818415,0.9691561850410343,0.59001756,1.1580786,0.48542777,1.3835801
roztriedene/178/CFP_1.jpg,roztriedene/178/CFP_2.jpg,roztriedene/178/Deep_2.jpg,0.5090288539970571,1.3140454473902827,0.5543202770703181,0.6578483203333473,0.79427963,1.4198557,0.6893034,1.3180755
roztriedene/179/CFP_1.jpg,roztriedene/179/CFP_2.jpg,roztriedene/179/Deep_2.jpg,0.7914525543432338,1.1831148691229803,0.7634690781750229,0.7508128566035509,0.7340542,1.1743007,0.88604575,1.2427816
roztriedene/180/CFP_1.jpg,roztriedene/180/CFP_2.jpg,roztriedene/180/Deep_2.jpg,0.7405908387979956,1.4187688821956757,0.40584229068297734,0.6820662492703427,0.8595625,1.3556186,0.7619884,1.4296563
roztriedene/181/CFP_1.jpg,roztriedene/181/CFP_2.jpg,roztriedene/181/Deep_2.jpg,0.689489494059017,1.2915658218843233,0.8719940577420586,0.9568473591109851,0.63400394,1.3911885,0.64270616,1.3632469
roztriedene/182/CFP_1.jpg,roztriedene/182/CFP_2.jpg,roztriedene/182/Deep_2.jpg,0.5337196707187547,1.3889350864656556,0.5300943007334884,0.5802547848753191,0.67755973,1.405247,0.6461784,1.3435196
roztriedene/183/CFP_1.jpg,roztriedene/183/CFP_2.jpg,roztriedene/183/Deep_2.jpg,0.6183401183184428,1.3514329990404215,0.45635326060124076,0.5666820393047519,0.49357888,1.3700749,0.60686225,1.4509926
roztriedene/184/CFP_1.jpg,roztriedene/184/CFP_2.jpg,roztriedene/184/Deep_2.jpg,0.6581851841663592,1.3897002313755007,0.5294554432289663,0.6319156495248465,0.6489056,1.2773668,0.7121686,1.4447477
roztriedene/185/CFP_1.jpg,roztriedene/185/CFP_2.jpg,roztriedene/185/Deep_2.jpg,0.8614244999451447,1.1153326663350505,0.4551245851508274,0.46814343804143344,0.83391017,1.2959642,0.854979,1.4058115
roztriedene/186/CFP_1.jpg,roztriedene/186/CFP_2.jpg,roztriedene/186/Deep_2.jpg,0.7536758197525413,1.0134495077391148,0.6178426006299907,0.6964312191784191,0.5897367,1.3157065,0.7382987,1.3719302
roztriedene/187/CFP_1.jpg,roztriedene/187/CFP_2.jpg,roztriedene/187/Deep_2.jpg,0.9455177431671771,1.3584521703370485,0.43339039464805695,0.5504093429991878,0.7913796,1.3196229,0.7430251,1.2725797
roztriedene/188/CFP_1.jpg,roztriedene/188/CFP_2.jpg,roztriedene/188/Deep_2.jpg,0.775862953617345,1.312139975523407,0.7213429644657247,0.7190509799283853,0.76660305,1.2649173,0.6960163,1.3059995
roztriedene/189/CFP_1.jpg,roztriedene/189/CFP_2.jpg,roztriedene/189/Deep_2.jpg,0.6137984072553228,1.1671540769621573,0.5020925787302332,0.6166700268465213,0.6652167,1.2328387,0.66667217,1.3073856
roztriedene/190/CFP_1.jpg,roztriedene/190/CFP_2.jpg,roztriedene/190/Deep_2.jpg,0.5030914696406305,0.9609800666583083,0.5891336280143618,0.560175277489883,0.7142636,1.2519132,0.6632,1.3379462
roztriedene/191/CFP_1.jpg,roztriedene/191/CFP_2.jpg,roztriedene/191/Deep_2.jpg,0.6071667696676869,1.2450397193867726,0.36645953206879195,0.4474628037208972,0.67216104,1.4003474,0.57341963,1.3757057
roztriedene/192/CFP_1.jpg,roztriedene/192/CFP_2.jpg,roztriedene/192/Deep_2.jpg,0.5104849112575296,1.0765595994518946,0.7212429434207313,0.8319061551110392,0.70222163,1.3224757,0.5413901,1.3758472
roztriedene/193/CFP_1.jpg,roztriedene/193/CFP_2.jpg,roztriedene/193/Deep_2.jpg,0.7477596621613612,1.3125020040220685,0.7239116304265354,0.7974256830311849,0.8400994,1.3437588,0.8067611,1.3461993
roztriedene/194/CFP_1.jpg,roztriedene/194/CFP_2.jpg,roztriedene/194/Deep_2.jpg,0.6899613482879393,1.3135491566307964,0.6076700808820508,0.6805541484265215,0.78044593,1.2714182,0.7922733,1.3100537
roztriedene/195/CFP_1.jpg,roztriedene/195/CFP_2.jpg,roztriedene/195/Deep_2.jpg,0.5149321914564572,1.3496101145247097,0.4830478959633897,0.6366055539975246,0.65969485,1.384753,0.5919754,1.3401074
roztriedene/196/CFP_1.jpg,roztriedene/196/CFP_2.jpg,roztriedene/196/Deep_2.jpg,0.8302904627315283,1.1469128241783646,0.5889781397943019,0.6609939504754981,0.7969267,1.3192432,0.84049875,1.3254875
roztriedene/197/CFP_1.jpg,roztriedene/197/CFP_2.jpg,roztriedene/197/Deep_2.jpg,0.8155633463907125,1.334163119107935,0.7694725028136383,0.9015973349988525,0.905604,1.4731311,0.71904254,1.3930542
roztriedene/198/CFP_1.jpg,roztriedene/198/CFP_2.jpg,roztriedene/198/Deep_2.jpg,0.6590111576904756,1.172761359095719,0.5479299765462449,0.590852110091968,0.726824,1.2635103,0.72444355,1.4071064
roztriedene/199/CFP_1.jpg,roztriedene/199/CFP_2.jpg,roztriedene/199/Deep_2.jpg,0.6371516452572727,1.3777491180506818,0.7581150814317978,0.7183061568833392,0.80963445,1.5406278,0.7125945,1.3890483
roztriedene/200/CFP_1.jpg,roztriedene/200/CFP_2.jpg,roztriedene/200/Deep_2.jpg,0.553319896106253,1.1486524559462894,0.4872863124233565,0.7041961040848015,0.58891684,1.2604172,0.6341029,1.3296922
